Postcode	City	State
1000	KANGAR	PERLIS
1007	KANGAR	PERLIS
1009	KANGAR	PERLIS
1500	KANGAR	PERLIS
1502	KANGAR	PERLIS
1503	KANGAR	PERLIS
1504	KANGAR	PERLIS
1505	KANGAR	PERLIS
1506	KANGAR	PERLIS
1508	KANGAR	PERLIS
1512	KANGAR	PERLIS
1514	KANGAR	PERLIS
1516	KANGAR	PERLIS
1517	KANGAR	PERLIS
1518	KANGAR	PERLIS
1524	KANGAR	PERLIS
1529	KANGAR	PERLIS
1532	KANGAR	PERLIS
1538	KANGAR	PERLIS
1540	KANGAR	PERLIS
1546	KANGAR	PERLIS
1550	KANGAR	PERLIS
1551	KANGAR	PERLIS
1556	KANGAR	PERLIS
1560	KANGAR	PERLIS
1564	KANGAR	PERLIS
1570	KANGAR	PERLIS
1572	KANGAR	PERLIS
1576	KANGAR	PERLIS
1578	KANGAR	PERLIS
1582	KANGAR	PERLIS
1586	KANGAR	PERLIS
1590	KANGAR	PERLIS
1592	KANGAR	PERLIS
1594	KANGAR	PERLIS
1596	KANGAR	PERLIS
1598	KANGAR	PERLIS
1600	KANGAR	PERLIS
1604	KANGAR	PERLIS
1606	KANGAR	PERLIS
1608	KANGAR	PERLIS
1609	KANGAR	PERLIS
1610	KANGAR	PERLIS
1612	KANGAR	PERLIS
1614	KANGAR	PERLIS
1620	KANGAR	PERLIS
1622	KANGAR	PERLIS
1626	KANGAR	PERLIS
1628	KANGAR	PERLIS
1630	KANGAR	PERLIS
1632	KANGAR	PERLIS
1634	KANGAR	PERLIS
1644	KANGAR	PERLIS
1646	KANGAR	PERLIS
1648	KANGAR	PERLIS
1660	KANGAR	PERLIS
1664	KANGAR	PERLIS
1670	KANGAR	PERLIS
1672	KANGAR	PERLIS
1673	KANGAR	PERLIS
1674	KANGAR	PERLIS
1676	KANGAR	PERLIS
1680	KANGAR	PERLIS
1694	KANGAR	PERLIS
2000	KUALA PERLIS	PERLIS
2100	PADANG BESAR	PERLIS
2200	KAKI BUKIT	PERLIS
2400	KANGAR	PERLIS
2450	KANGAR	PERLIS
2500	KANGAR	PERLIS
2600	ARAU	PERLIS
2607	ARAU	PERLIS
2609	ARAU	PERLIS
2700	SIMPANG AMPAT	PERLIS
2707	SIMPANG AMPAT	PERLIS
2709	SIMPANG AMPAT	PERLIS
2800	SIMPANG AMPAT	PERLIS
5000	ALOR SETAR	KEDAH
5050	ALOR SETAR	KEDAH
5100	ALOR SETAR	KEDAH
5150	ALOR SETAR	KEDAH
5200	ALOR SETAR	KEDAH
5250	ALOR SETAR	KEDAH
5300	ALOR SETAR	KEDAH
5350	ALOR SETAR	KEDAH
5400	ALOR SETAR	KEDAH
5450	ALOR SETAR	KEDAH
5460	ALOR SETAR	KEDAH
5500	ALOR SETAR	KEDAH
5502	ALOR SETAR	KEDAH
5503	ALOR SETAR	KEDAH
5504	ALOR SETAR	KEDAH
5505	ALOR SETAR	KEDAH
5506	ALOR SETAR	KEDAH
5508	ALOR SETAR	KEDAH
5512	ALOR SETAR	KEDAH
5514	ALOR SETAR	KEDAH
5516	ALOR SETAR	KEDAH
5517	ALOR SETAR	KEDAH
5518	ALOR SETAR	KEDAH
5520	ALOR SETAR	KEDAH
5532	ALOR SETAR	KEDAH
5534	ALOR SETAR	KEDAH
5536	ALOR SETAR	KEDAH
5538	ALOR SETAR	KEDAH
5550	ALOR SETAR	KEDAH
5551	ALOR SETAR	KEDAH
5552	ALOR SETAR	KEDAH
5556	ALOR SETAR	KEDAH
5558	ALOR SETAR	KEDAH
5560	ALOR SETAR	KEDAH
5564	ALOR SETAR	KEDAH
5576	ALOR SETAR	KEDAH
5578	ALOR SETAR	KEDAH
5580	ALOR SETAR	KEDAH
5582	ALOR SETAR	KEDAH
5586	ALOR SETAR	KEDAH
5590	ALOR SETAR	KEDAH
5592	ALOR SETAR	KEDAH
5594	ALOR SETAR	KEDAH
5600	ALOR SETAR	KEDAH
5604	ALOR SETAR	KEDAH
5610	ALOR SETAR	KEDAH
5612	ALOR SETAR	KEDAH
5614	ALOR SETAR	KEDAH
5620	ALOR SETAR	KEDAH
5621	ALOR SETAR	KEDAH
5622	ALOR SETAR	KEDAH
5626	ALOR SETAR	KEDAH
5628	ALOR SETAR	KEDAH
5630	ALOR SETAR	KEDAH
5632	ALOR SETAR	KEDAH
5644	ALOR SETAR	KEDAH
5660	ALOR SETAR	KEDAH
5661	ALOR SETAR	KEDAH
5664	ALOR SETAR	KEDAH
5670	ALOR SETAR	KEDAH
5672	ALOR SETAR	KEDAH
5673	ALOR SETAR	KEDAH
5674	ALOR SETAR	KEDAH
5675	ALOR SETAR	KEDAH
5676	ALOR SETAR	KEDAH
5680	ALOR SETAR	KEDAH
5690	ALOR SETAR	KEDAH
5696	ALOR SETAR	KEDAH
5700	ALOR SETAR	KEDAH
5710	ALOR SETAR	KEDAH
5720	ALOR SETAR	KEDAH
5990	ALOR SETAR	KEDAH
6000	JITRA	KEDAH
6007	JITRA	KEDAH
6009	JITRA	KEDAH
6010	CHANGLOON	KEDAH
6050	BUKIT KAYU HITAM	KEDAH
6100	KODIANG	KEDAH
6150	AYER HITAM	KEDAH
6200	KEPALA BATAS	KEDAH
6207	KEPALA BATAS	KEDAH
6209	KEPALA BATAS	KEDAH
6250	ALOR SETAR	KEDAH
6300	KUALA NERANG	KEDAH
6350	POKOK SENA	KEDAH
6400	POKOK SENA	KEDAH
6500	LANGGAR	KEDAH
6507	LANGGAR	KEDAH
6509	ALOR SETAR	KEDAH
6550	ALOR SETAR	KEDAH
6570	ALOR SETAR	KEDAH
6600	KUALA KEDAH	KEDAH
6650	SIMPANG EMPAT	KEDAH
6660	ALOR SETAR	KEDAH
6680	SIMPANG EMPAT	KEDAH
6700	PENDANG	KEDAH
6707	PENDANG	KEDAH
6709	PENDANG	KEDAH
6710	PENDANG	KEDAH
6720	PENDANG	KEDAH
6750	PENDANG	KEDAH
6760	PENDANG	KEDAH
6800	KOTA SARANG SEMUT	KEDAH
6900	YAN	KEDAH
6910	YAN	KEDAH
7000	LANGKAWI	KEDAH
7007	LANGKAWI	KEDAH
7009	LANGKAWI	KEDAH
7100	LANGKAWI	KEDAH
8000	SUNGAI PETANI	KEDAH
8007	SUNGAI PETANI	KEDAH
8009	SUNGAI PETANI	KEDAH
8010	SUNGAI PETANI	KEDAH
8100	BEDONG	KEDAH
8110	BEDONG	KEDAH
8200	SIK	KEDAH
8210	SIK	KEDAH
8300	GURUN	KEDAH
8320	JENIANG	KEDAH
8330	GURUN	KEDAH
8340	SIK	KEDAH
8400	MERBOK	KEDAH
8407	MERBOK	KEDAH
8409	MERBOK	KEDAH
8500	KOTA KUALA MUDA	KEDAH
8507	KOTA KUALA MUDA	KEDAH
8509	KOTA KUALA MUDA	KEDAH
8600	SUNGAI PETANI	KEDAH
8700	JENIANG	KEDAH
8800	GURUN	KEDAH
9000	KULIM	KEDAH
9007	KULIM	KEDAH
9009	KULIM	KEDAH
9010	KULIM	KEDAH
9020	KULIM	KEDAH
9100	BALING	KEDAH
9110	KUALA PEGANG	KEDAH
9200	KUPANG	KEDAH
9300	KUALA KETIL	KEDAH
9310	KUALA KETIL	KEDAH
9400	PADANG SERAI	KEDAH
9410	PADANG SERAI	KEDAH
9600	LUNAS	KEDAH
9700	KARANGAN	KEDAH
9800	SERDANG	KEDAH
9810	SERDANG	KEDAH
10000	PULAU PINANG	PENANG
10020	PULAU PINANG	PENANG
10050	PULAU PINANG	PENANG
10100	PULAU PINANG	PENANG
10110	PULAU PINANG	PENANG
10150	PULAU PINANG	PENANG
10160	PULAU PINANG	PENANG
10200	PULAU PINANG	PENANG
10250	PULAU PINANG	PENANG
10300	PULAU PINANG	PENANG
10350	PULAU PINANG	PENANG
10400	PULAU PINANG	PENANG
10420	PULAU PINANG	PENANG
10450	PULAU PINANG	PENANG
10460	PULAU PINANG	PENANG
10470	PULAU PINANG	PENANG
10500	PULAU PINANG	PENANG
10502	PULAU PINANG	PENANG
10503	PULAU PINANG	PENANG
10504	PULAU PINANG	PENANG
10505	PULAU PINANG	PENANG
10506	PULAU PINANG	PENANG
10508	PULAU PINANG	PENANG
10512	PULAU PINANG	PENANG
10514	PULAU PINANG	PENANG
10516	PULAU PINANG	PENANG
10518	PULAU PINANG	PENANG
10520	PULAU PINANG	PENANG
10524	PULAU PINANG	PENANG
10534	PULAU PINANG	PENANG
10538	PULAU PINANG	PENANG
10540	PULAU PINANG	PENANG
10542	PULAU PINANG	PENANG
10546	PULAU PINANG	PENANG
10550	PULAU PINANG	PENANG
10551	PULAU PINANG	PENANG
10552	PULAU PINANG	PENANG
10558	PULAU PINANG	PENANG
10560	PULAU PINANG	PENANG
10564	PULAU PINANG	PENANG
10566	PULAU PINANG	PENANG
10570	PULAU PINANG	PENANG
10576	PULAU PINANG	PENANG
10578	PULAU PINANG	PENANG
10582	PULAU PINANG	PENANG
10590	PULAU PINANG	PENANG
10592	PULAU PINANG	PENANG
10593	PULAU PINANG	PENANG
10594	PULAU PINANG	PENANG
10596	PULAU PINANG	PENANG
10600	PULAU PINANG	PENANG
10604	PULAU PINANG	PENANG
10609	PULAU PINANG	PENANG
10610	PULAU PINANG	PENANG
10612	PULAU PINANG	PENANG
10620	PULAU PINANG	PENANG
10622	PULAU PINANG	PENANG
10626	PULAU PINANG	PENANG
10628	PULAU PINANG	PENANG
10634	PULAU PINANG	PENANG
10646	PULAU PINANG	PENANG
10648	PULAU PINANG	PENANG
10660	PULAU PINANG	PENANG
10661	PULAU PINANG	PENANG
10662	PULAU PINANG	PENANG
10668	PULAU PINANG	PENANG
10670	PULAU PINANG	PENANG
10672	PULAU PINANG	PENANG
10673	PULAU PINANG	PENANG
10674	PULAU PINANG	PENANG
10676	PULAU PINANG	PENANG
10690	PULAU PINANG	PENANG
10710	PULAU PINANG	PENANG
10720	PULAU PINANG	PENANG
10730	PULAU PINANG	PENANG
10740	PULAU PINANG	PENANG
10750	PULAU PINANG	PENANG
10760	PULAU PINANG	PENANG
10770	PULAU PINANG	PENANG
10780	PULAU PINANG	PENANG
10790	PULAU PINANG	PENANG
10800	PULAU PINANG	PENANG
10810	PULAU PINANG	PENANG
10820	PULAU PINANG	PENANG
10830	PULAU PINANG	PENANG
10840	PULAU PINANG	PENANG
10850	PULAU PINANG	PENANG
10910	PULAU PINANG	PENANG
10920	PULAU PINANG	PENANG
10990	PULAU PINANG	PENANG
11000	BALIK PULAU	PENANG
11010	BALIK PULAU	PENANG
11020	BALIK PULAU	PENANG
11050	PULAU PINANG	PENANG
11060	PULAU PINANG	PENANG
11100	BATU FERRINGHI	PENANG
11200	TANJONG BUNGAH	PENANG
11300	PENANG HILL	PENANG
11400	PULAU PINANG	PENANG
11409	PULAU PINANG	PENANG
11460	PULAU PINANG	PENANG
11500	AYER ITAM	PENANG
11600	JELUTONG	PENANG
11609	JELUTONG	PENANG
11700	GELUGOR	PENANG
11800	USM PULAU PINANG	PENANG
11900	BAYAN LEPAS	PENANG
11902	BAYAN LEPAS	PENANG
11910	BAYAN LEPAS	PENANG
11920	BAYAN LEPAS	PENANG
11950	BAYAN LEPAS	PENANG
11960	BATU MAUNG	PENANG
12000	BUTTERWORTH	PENANG
12100	BUTTERWORTH	PENANG
12200	BUTTERWORTH	PENANG
12300	BUTTERWORTH	PENANG
12344	BUTTERWORTH	PENANG
12345	BUTTERWORTH	PENANG
12700	BUTTERWORTH	PENANG
12710	BUTTERWORTH	PENANG
12720	BUTTERWORTH	PENANG
12990	BUTTERWORTH	PENANG
13000	BUTTERWORTH	PENANG
13009	BUTTERWORTH	PENANG
13020	BUTTERWORTH	PENANG
13030	BUTTERWORTH	PENANG
13050	BUTTERWORTH	PENANG
13100	PENAGA	PENANG
13110	PENAGA	PENANG
13200	KEPALA BATAS	PENANG
13210	KEPALA BATAS	PENANG
13220	KEPALA BATAS	PENANG
13300	TASEK GELUGOR	PENANG
13310	TASEK GELUGOR	PENANG
13400	BUTTERWORTH	PENANG
13409	BUTTERWORTH	PENANG
13500	PERMATANG PAUH	PENANG
13600	PERAI	PENANG
13690	PERAI	PENANG
13700	PERAI	PENANG
13800	BUTTERWORTH	PENANG
14000	BUKIT MERTAJAM	PENANG
14007	BUKIT MERTAJAM	PENANG
14009	BUKIT MERTAJAM	PENANG
14020	BUKIT MERTAJAM	PENANG
14100	SIMPANG AMPAT	PENANG
14101	SIMPANG AMPAT	PENANG
14110	SIMPANG AMPAT	PENANG
14120	SIMPANG AMPAT	PENANG
14200	SUNGAI JAWI	PENANG
14290	BANDAR BAHRU	KEDAH
14300	NIBONG TEBAL	PENANG
14310	NIBONG TEBAL	PENANG
14320	NIBONG TEBAL	PENANG
14390	BANDAR BAHRU	KEDAH
14400	KUBANG SEMANG	PENANG
15000	KOTA BHARU	KELANTAN
15050	KOTA BHARU	KELANTAN
15100	KOTA BHARU	KELANTAN
15150	KOTA BHARU	KELANTAN
15159	KOTA BHARU	KELANTAN
15160	KOTA BHARU	KELANTAN
15200	KOTA BHARU	KELANTAN
15300	KOTA BHARU	KELANTAN
15350	KOTA BHARU	KELANTAN
15400	KOTA BHARU	KELANTAN
15500	KOTA BHARU	KELANTAN
15502	KOTA BHARU	KELANTAN
15503	KOTA BHARU	KELANTAN
15504	KOTA BHARU	KELANTAN
15505	KOTA BHARU	KELANTAN
15506	KOTA BHARU	KELANTAN
15508	KOTA BHARU	KELANTAN
15512	KOTA BHARU	KELANTAN
15514	KOTA BHARU	KELANTAN
15516	KOTA BHARU	KELANTAN
15517	KOTA BHARU	KELANTAN
15518	KOTA BHARU	KELANTAN
15519	KOTA BHARU	KELANTAN
15520	KOTA BHARU	KELANTAN
15524	KOTA BHARU	KELANTAN
15529	KOTA BHARU	KELANTAN
15532	KOTA BHARU	KELANTAN
15534	KOTA BHARU	KELANTAN
15536	KOTA BHARU	KELANTAN
15538	KOTA BHARU	KELANTAN
15540	KOTA BHARU	KELANTAN
15546	KOTA BHARU	KELANTAN
15548	KOTA BHARU	KELANTAN
15550	KOTA BHARU	KELANTAN
15551	KOTA BHARU	KELANTAN
15556	KOTA BHARU	KELANTAN
15558	KOTA BHARU	KELANTAN
15560	KOTA BHARU	KELANTAN
15564	KOTA BHARU	KELANTAN
15570	KOTA BHARU	KELANTAN
15572	KOTA BHARU	KELANTAN
15576	KOTA BHARU	KELANTAN
15578	KOTA BHARU	KELANTAN
15582	KOTA BHARU	KELANTAN
15586	KOTA BHARU	KELANTAN
15590	KOTA BHARU	KELANTAN
15592	KOTA BHARU	KELANTAN
15594	KOTA BHARU	KELANTAN
15596	KOTA BHARU	KELANTAN
15600	KOTA BHARU	KELANTAN
15604	KOTA BHARU	KELANTAN
15606	KOTA BHARU	KELANTAN
15608	KOTA BHARU	KELANTAN
15609	KOTA BHARU	KELANTAN
15610	KOTA BHARU	KELANTAN
15612	KOTA BHARU	KELANTAN
15614	KOTA BHARU	KELANTAN
15616	KOTA BHARU	KELANTAN
15620	KOTA BHARU	KELANTAN
15622	KOTA BHARU	KELANTAN
15623	KOTA BHARU	KELANTAN
15624	KOTA BHARU	KELANTAN
15626	KOTA BHARU	KELANTAN
15628	KOTA BHARU	KELANTAN
15630	KOTA BHARU	KELANTAN
15632	KOTA BHARU	KELANTAN
15634	KOTA BHARU	KELANTAN
15644	KOTA BHARU	KELANTAN
15646	KOTA BHARU	KELANTAN
15648	KOTA BHARU	KELANTAN
15658	KOTA BHARU	KELANTAN
15660	KOTA BHARU	KELANTAN
15661	KOTA BHARU	KELANTAN
15662	KOTA BHARU	KELANTAN
15664	KOTA BHARU	KELANTAN
15670	KOTA BHARU	KELANTAN
15672	KOTA BHARU	KELANTAN
15673	KOTA BHARU	KELANTAN
15674	KOTA BHARU	KELANTAN
15676	KOTA BHARU	KELANTAN
15680	KOTA BHARU	KELANTAN
15690	KOTA BHARU	KELANTAN
15700	KOTA BHARU	KELANTAN
15710	KOTA BHARU	KELANTAN
15720	KOTA BHARU	KELANTAN
15730	KOTA BHARU	KELANTAN
15740	KOTA BHARU	KELANTAN
15988	KOTA BHARU	KELANTAN
15990	KOTA BHARU	KELANTAN
16010	KOTA BHARU	KELANTAN
16020	BACHOK	KELANTAN
16030	BACHOK	KELANTAN
16040	WAKAF BHARU	KELANTAN
16050	BACHOK	KELANTAN
16060	BACHOK	KELANTAN
16070	BACHOK	KELANTAN
16080	TUMPAT	KELANTAN
16090	BACHOK	KELANTAN
16100	KOTA BHARU	KELANTAN
16109	KOTA BHARU	KELANTAN
16150	KOTA BHARU	KELANTAN
16200	TUMPAT	KELANTAN
16210	TUMPAT	KELANTAN
16250	WAKAF BHARU	KELANTAN
16266	WAKAF BHARU	KELANTAN
16300	BACHOK	KELANTAN
16310	BACHOK	KELANTAN
16320	BACHOK	KELANTAN
16350	BACHOK	KELANTAN
16370	BACHOK	KELANTAN
16390	BACHOK	KELANTAN
16400	MELOR	KELANTAN
16450	KETEREH	KELANTAN
16500	KEM DESA PAHLAWAN	KELANTAN
16600	PULAI CHONDONG	KELANTAN
16700	CHERANG RUKU	KELANTAN
16800	PASIR PUTEH	KELANTAN
16810	SELISING	KELANTAN
17000	PASIR MAS	KELANTAN
17007	PASIR MAS	KELANTAN
17009	PASIR MAS	KELANTAN
17010	PASIR MAS	KELANTAN
17020	PASIR MAS	KELANTAN
17030	PASIR MAS	KELANTAN
17040	PASIR MAS	KELANTAN
17050	PASIR MAS	KELANTAN
17060	PASIR MAS	KELANTAN
17070	PASIR MAS	KELANTAN
17200	RANTAU PANJANG	KELANTAN
17500	TANAH MERAH	KELANTAN
17507	TANAH MERAH	KELANTAN
17509	TANAH MERAH	KELANTAN
17510	TANAH MERAH	KELANTAN
17520	TANAH MERAH	KELANTAN
17599	TANAH MERAH	KELANTAN
17600	JELI	KELANTAN
17610	KUALA BALAH	KELANTAN
17700	AYER LANAS	KELANTAN
18000	KUALA KRAI	KELANTAN
18020	KUALA KRAI	KELANTAN
18050	KUALA KRAI	KELANTAN
18200	DABONG	KELANTAN
18300	GUA MUSANG	KELANTAN
18400	TEMANGAN	KELANTAN
18500	MACHANG	KELANTAN
20000	KUALA TERENGGANU	TERENGGANU
20050	KUALA TERENGGANU	TERENGGANU
20080	KUALA TERENGGANU	TERENGGANU
20100	KUALA TERENGGANU	TERENGGANU
20200	KUALA TERENGGANU	TERENGGANU
20300	KUALA TERENGGANU	TERENGGANU
20400	KUALA TERENGGANU	TERENGGANU
20500	KUALA TERENGGANU	TERENGGANU
20502	KUALA TERENGGANU	TERENGGANU
20503	KUALA TERENGGANU	TERENGGANU
20504	KUALA TERENGGANU	TERENGGANU
20505	KUALA TERENGGANU	TERENGGANU
20506	KUALA TERENGGANU	TERENGGANU
20508	KUALA TERENGGANU	TERENGGANU
20512	KUALA TERENGGANU	TERENGGANU
20514	KUALA TERENGGANU	TERENGGANU
20516	KUALA TERENGGANU	TERENGGANU
20517	KUALA TERENGGANU	TERENGGANU
20518	KUALA TERENGGANU	TERENGGANU
20519	KUALA TERENGGANU	TERENGGANU
20520	KUALA TERENGGANU	TERENGGANU
20532	KUALA TERENGGANU	TERENGGANU
20534	KUALA TERENGGANU	TERENGGANU
20536	KUALA TERENGGANU	TERENGGANU
20538	KUALA TERENGGANU	TERENGGANU
20540	KUALA TERENGGANU	TERENGGANU
20542	KUALA TERENGGANU	TERENGGANU
20546	KUALA TERENGGANU	TERENGGANU
20548	KUALA TERENGGANU	TERENGGANU
20550	KUALA TERENGGANU	TERENGGANU
20551	KUALA TERENGGANU	TERENGGANU
20552	KUALA TERENGGANU	TERENGGANU
20554	KUALA TERENGGANU	TERENGGANU
20556	KUALA TERENGGANU	TERENGGANU
20560	KUALA TERENGGANU	TERENGGANU
20564	KUALA TERENGGANU	TERENGGANU
20566	KUALA TERENGGANU	TERENGGANU
20568	KUALA TERENGGANU	TERENGGANU
20570	KUALA TERENGGANU	TERENGGANU
20572	KUALA TERENGGANU	TERENGGANU
20576	KUALA TERENGGANU	TERENGGANU
20578	KUALA TERENGGANU	TERENGGANU
20582	KUALA TERENGGANU	TERENGGANU
20586	KUALA TERENGGANU	TERENGGANU
20590	KUALA TERENGGANU	TERENGGANU
20592	KUALA TERENGGANU	TERENGGANU
20596	KUALA TERENGGANU	TERENGGANU
20600	KUALA TERENGGANU	TERENGGANU
20604	KUALA TERENGGANU	TERENGGANU
20606	KUALA TERENGGANU	TERENGGANU
20608	KUALA TERENGGANU	TERENGGANU
20609	KUALA TERENGGANU	TERENGGANU
20610	KUALA TERENGGANU	TERENGGANU
20612	KUALA TERENGGANU	TERENGGANU
20614	KUALA TERENGGANU	TERENGGANU
20618	KUALA TERENGGANU	TERENGGANU
20620	KUALA TERENGGANU	TERENGGANU
20622	KUALA TERENGGANU	TERENGGANU
20626	KUALA TERENGGANU	TERENGGANU
20628	KUALA TERENGGANU	TERENGGANU
20630	KUALA TERENGGANU	TERENGGANU
20632	KUALA TERENGGANU	TERENGGANU
20646	KUALA TERENGGANU	TERENGGANU
20648	KUALA TERENGGANU	TERENGGANU
20656	KUALA TERENGGANU	TERENGGANU
20658	KUALA TERENGGANU	TERENGGANU
20660	KUALA TERENGGANU	TERENGGANU
20661	KUALA TERENGGANU	TERENGGANU
20662	KUALA TERENGGANU	TERENGGANU
20664	KUALA TERENGGANU	TERENGGANU
20668	KUALA TERENGGANU	TERENGGANU
20670	KUALA TERENGGANU	TERENGGANU
20672	KUALA TERENGGANU	TERENGGANU
20673	KUALA TERENGGANU	TERENGGANU
20674	KUALA TERENGGANU	TERENGGANU
20676	KUALA TERENGGANU	TERENGGANU
20680	KUALA TERENGGANU	TERENGGANU
20690	KUALA TERENGGANU	TERENGGANU
20698	KUALA TERENGGANU	TERENGGANU
20700	KUALA TERENGGANU	TERENGGANU
20710	KUALA TERENGGANU	TERENGGANU
20720	KUALA TERENGGANU	TERENGGANU
20900	KUALA TERENGGANU	TERENGGANU
20902	KUALA TERENGGANU	TERENGGANU
20904	KUALA TERENGGANU	TERENGGANU
20906	KUALA TERENGGANU	TERENGGANU
20908	KUALA TERENGGANU	TERENGGANU
20910	KUALA TERENGGANU	TERENGGANU
20912	KUALA TERENGGANU	TERENGGANU
20914	KUALA TERENGGANU	TERENGGANU
20916	KUALA TERENGGANU	TERENGGANU
20918	KUALA TERENGGANU	TERENGGANU
20920	KUALA TERENGGANU	TERENGGANU
20922	KUALA TERENGGANU	TERENGGANU
20924	KUALA TERENGGANU	TERENGGANU
20926	KUALA TERENGGANU	TERENGGANU
20928	KUALA TERENGGANU	TERENGGANU
20930	KUALA TERENGGANU	TERENGGANU
20990	KUALA TERENGGANU	TERENGGANU
20999	KUALA TERENGGANU	TERENGGANU
21000	KUALA TERENGGANU	TERENGGANU
21009	KUALA TERENGGANU	TERENGGANU
21010	KUALA TERENGGANU	TERENGGANU
21020	KUALA TERENGGANU	TERENGGANU
21030	KUALA TERENGGANU	TERENGGANU
21040	KUALA TERENGGANU	TERENGGANU
21050	KUALA TERENGGANU	TERENGGANU
21060	KUALA TERENGGANU	TERENGGANU
21070	KUALA TERENGGANU	TERENGGANU
21080	KUALA TERENGGANU	TERENGGANU
21090	KUALA TERENGGANU	TERENGGANU
21100	KUALA TERENGGANU	TERENGGANU
21109	KUALA TERENGGANU	TERENGGANU
21200	KUALA TERENGGANU	TERENGGANU
21209	KUALA TERENGGANU	TERENGGANU
21210	KUALA TERENGGANU	TERENGGANU
21220	KUALA TERENGGANU	TERENGGANU
21300	KUALA TERENGGANU	TERENGGANU
21309	KUALA TERENGGANU	TERENGGANU
21400	BUKIT PAYONG	TERENGGANU
21450	CHALOK	TERENGGANU
21500	SUNGAI TONG	TERENGGANU
21600	MARANG	TERENGGANU
21610	MARANG	TERENGGANU
21700	KUALA BERANG	TERENGGANU
21800	AJIL	TERENGGANU
21810	AJIL	TERENGGANU
21820	AJIL	TERENGGANU
22000	JERTEH	TERENGGANU
22010	JERTEH	TERENGGANU
22020	JERTEH	TERENGGANU
22030	JERTEH	TERENGGANU
22040	JERTEH	TERENGGANU
22100	PERMAISURI	TERENGGANU
22107	PERMAISURI	TERENGGANU
22109	PERMAISURI	TERENGGANU
22110	PERMAISURI	TERENGGANU
22120	PERMAISURI	TERENGGANU
22200	KAMPUNG RAJA	TERENGGANU
22300	KUALA BESUT	TERENGGANU
22307	KUALA BESUT	TERENGGANU
22309	KUALA BESUT	TERENGGANU
23000	DUNGUN	TERENGGANU
23007	DUNGUN	TERENGGANU
23009	DUNGUN	TERENGGANU
23050	DUNGUN	TERENGGANU
23100	PAKA	TERENGGANU
23200	BUKIT BESI	TERENGGANU
23300	KETENGAH JAYA	TERENGGANU
23345	KETENGAH JAYA	TERENGGANU
23400	AL MUKTATFI BILLAH SHAH	TERENGGANU
24000	CUKAI	TERENGGANU
24007	CUKAI	TERENGGANU
24009	CUKAI	TERENGGANU
24010	CUKAI	TERENGGANU
24020	CUKAI	TERENGGANU
24030	CUKAI	TERENGGANU
24040	CUKAI	TERENGGANU
24050	AYER PUTEH	TERENGGANU
24060	CENEH	TERENGGANU
24100	KIJAL	TERENGGANU
24107	KIJAL	TERENGGANU
24109	KIJAL	TERENGGANU
24200	KEMASEK	TERENGGANU
24207	KEMASEK	TERENGGANU
24209	KEMASEK	TERENGGANU
24210	KEMASEK	TERENGGANU
24220	KEMASEK	TERENGGANU
24300	KERTEH	TERENGGANU
25000	KUANTAN	PAHANG
25020	KUANTAN	PAHANG
25040	KUANTAN	PAHANG
25050	KUANTAN	PAHANG
25100	KUANTAN	PAHANG
25150	KUANTAN	PAHANG
25200	KUANTAN	PAHANG
25250	KUANTAN	PAHANG
25300	KUANTAN	PAHANG
25320	KUANTAN	PAHANG
25350	KUANTAN	PAHANG
25500	KUANTAN	PAHANG
25502	KUANTAN	PAHANG
25503	KUANTAN	PAHANG
25504	KUANTAN	PAHANG
25505	KUANTAN	PAHANG
25506	KUANTAN	PAHANG
25508	KUANTAN	PAHANG
25509	KUANTAN	PAHANG
25512	KUANTAN	PAHANG
25514	KUANTAN	PAHANG
25516	KUANTAN	PAHANG
25517	KUANTAN	PAHANG
25518	KUANTAN	PAHANG
25520	KUANTAN	PAHANG
25524	KUANTAN	PAHANG
25529	KUANTAN	PAHANG
25532	KUANTAN	PAHANG
25534	KUANTAN	PAHANG
25536	KUANTAN	PAHANG
25538	KUANTAN	PAHANG
25540	KUANTAN	PAHANG
25546	KUANTAN	PAHANG
25548	KUANTAN	PAHANG
25550	KUANTAN	PAHANG
25551	KUANTAN	PAHANG
25552	KUANTAN	PAHANG
25556	KUANTAN	PAHANG
25558	KUANTAN	PAHANG
25560	KUANTAN	PAHANG
25564	KUANTAN	PAHANG
25570	KUANTAN	PAHANG
25576	KUANTAN	PAHANG
25578	KUANTAN	PAHANG
25582	KUANTAN	PAHANG
25584	KUANTAN	PAHANG
25586	KUANTAN	PAHANG
25590	KUANTAN	PAHANG
25592	KUANTAN	PAHANG
25594	KUANTAN	PAHANG
25596	KUANTAN	PAHANG
25598	KUANTAN	PAHANG
25600	KUANTAN	PAHANG
25604	KUANTAN	PAHANG
25606	KUANTAN	PAHANG
25608	KUANTAN	PAHANG
25609	KUANTAN	PAHANG
25610	KUANTAN	PAHANG
25612	KUANTAN	PAHANG
25614	KUANTAN	PAHANG
25620	KUANTAN	PAHANG
25622	KUANTAN	PAHANG
25626	KUANTAN	PAHANG
25628	KUANTAN	PAHANG
25630	KUANTAN	PAHANG
25632	KUANTAN	PAHANG
25644	KUANTAN	PAHANG
25646	KUANTAN	PAHANG
25648	KUANTAN	PAHANG
25656	KUANTAN	PAHANG
25660	KUANTAN	PAHANG
25661	KUANTAN	PAHANG
25662	KUANTAN	PAHANG
25670	KUANTAN	PAHANG
25672	KUANTAN	PAHANG
25673	KUANTAN	PAHANG
25674	KUANTAN	PAHANG
25676	KUANTAN	PAHANG
25690	KUANTAN	PAHANG
25700	KUANTAN	PAHANG
25710	KUANTAN	PAHANG
25720	KUANTAN	PAHANG
25730	KUANTAN	PAHANG
25740	KUANTAN	PAHANG
25750	KUANTAN	PAHANG
25990	KUANTAN	PAHANG
26000	KUANTAN	PAHANG
26010	KUANTAN	PAHANG
26040	KUANTAN	PAHANG
26050	BUKIT GOH	PAHANG
26060	KUANTAN	PAHANG
26070	KUANTAN	PAHANG
26080	BALOK	PAHANG
26090	BUKIT GOH	PAHANG
26100	BALOK	PAHANG
26140	KUANTAN	PAHANG
26150	BALOK	PAHANG
26180	KUANTAN	PAHANG
26190	BALOK	PAHANG
26200	SUNGAI LEMBING	PAHANG
26250	JAYA GADING	PAHANG
26300	GAMBANG	PAHANG
26310	GAMBANG	PAHANG
26320	GAMBANG	PAHANG
26330	GAMBANG	PAHANG
26340	GAMBANG	PAHANG
26350	GAMBANG	PAHANG
26360	GAMBANG	PAHANG
26370	GAMBANG	PAHANG
26400	BANDAR PUSAT JENGKA	PAHANG
26410	BANDAR PUSAT JENGKA	PAHANG
26420	BANDAR PUSAT JENGKA	PAHANG
26430	BANDAR PUSAT JENGKA	PAHANG
26440	BANDAR PUSAT JENGKA	PAHANG
26450	BANDAR PUSAT JENGKA	PAHANG
26460	BANDAR PUSAT JENGKA	PAHANG
26485	BANDAR PUSAT JENGKA	PAHANG
26490	BANDAR PUSAT JENGKA	PAHANG
26500	MARAN	PAHANG
26600	PEKAN	PAHANG
26607	PEKAN	PAHANG
26609	PEKAN	PAHANG
26610	PEKAN	PAHANG
26620	PEKAN	PAHANG
26630	PEKAN	PAHANG
26640	PEKAN	PAHANG
26650	PEKAN	PAHANG
26660	PEKAN	PAHANG
26680	PEKAN	PAHANG
26690	CHINI	PAHANG
26700	MUADZAM SHAH	PAHANG
26800	KUALA ROMPIN	PAHANG
26810	KUALA ROMPIN	PAHANG
26820	KUALA ROMPIN	PAHANG
26900	BANDAR TUN ABDUL RAZAK	PAHANG
26999	BANDAR TUN ABDUL RAZAK	PAHANG
27000	JERANTUT	PAHANG
27010	JERANTUT	PAHANG
27020	JERANTUT	PAHANG
27030	DAMAK	PAHANG
27040	JERANTUT	PAHANG
27050	JERANTUT	PAHANG
27060	JERANTUT	PAHANG
27070	JERANTUT	PAHANG
27080	BANDAR PUSAT JENGKA	PAHANG
27090	JERANTUT	PAHANG
27100	PADANG TENGKU	PAHANG
27150	JERANTUT	PAHANG
27200	KUALA LIPIS	PAHANG
27207	KUALA LIPIS	PAHANG
27209	KUALA LIPIS	PAHANG
27210	KUALA LIPIS	PAHANG
27300	BENTA	PAHANG
27310	BENTA	PAHANG
27400	DONG	PAHANG
27500	SUNGAI RUAN	PAHANG
27600	RAUB	PAHANG
27607	RAUB	PAHANG
27609	RAUB	PAHANG
27610	RAUB	PAHANG
27620	RAUB	PAHANG
27630	RAUB	PAHANG
27650	SUNGAI KOYAN	PAHANG
27660	SEGA	PAHANG
27670	RAUB	PAHANG
28000	TEMERLOH	PAHANG
28007	TEMERLOH	PAHANG
28009	TEMERLOH	PAHANG
28010	TEMERLOH	PAHANG
28020	TEMERLOH	PAHANG
28030	TEMERLOH	PAHANG
28040	TEMERLOH	PAHANG
28050	KUALA KRAU	PAHANG
28100	CHENOR	PAHANG
28200	TRIANG	PAHANG
28300	TRIANG	PAHANG
28310	TRIANG	PAHANG
28320	TRIANG	PAHANG
28330	TRIANG	PAHANG
28340	KEMAYAN	PAHANG
28350	TRIANG	PAHANG
28380	KEMAYAN	PAHANG
28400	MENTAKAB	PAHANG
28407	MENTAKAB	PAHANG
28409	MENTAKAB	PAHANG
28500	LANCHANG	PAHANG
28600	KARAK	PAHANG
28610	KARAK	PAHANG
28620	KARAK	PAHANG
28700	BENTONG	PAHANG
28707	BENTONG	PAHANG
28709	BENTONG	PAHANG
28730	BENTONG	PAHANG
28740	BENTONG	PAHANG
28750	BENTONG	PAHANG
28800	LURAH BILUT	PAHANG
30000	IPOH	PERAK
30010	IPOH	PERAK
30020	IPOH	PERAK
30100	IPOH	PERAK
30200	IPOH	PERAK
30205	IPOH	PERAK
30250	IPOH	PERAK
30300	IPOH	PERAK
30350	IPOH	PERAK
30400	IPOH	PERAK
30450	IPOH	PERAK
30500	IPOH	PERAK
30502	IPOH	PERAK
30503	IPOH	PERAK
30504	IPOH	PERAK
30505	IPOH	PERAK
30506	IPOH	PERAK
30508	IPOH	PERAK
30510	IPOH	PERAK
30512	IPOH	PERAK
30516	IPOH	PERAK
30517	IPOH	PERAK
30518	IPOH	PERAK
30519	IPOH	PERAK
30520	IPOH	PERAK
30524	IPOH	PERAK
30532	IPOH	PERAK
30534	IPOH	PERAK
30536	IPOH	PERAK
30540	IPOH	PERAK
30542	IPOH	PERAK
30546	IPOH	PERAK
30548	IPOH	PERAK
30550	IPOH	PERAK
30551	IPOH	PERAK
30552	IPOH	PERAK
30554	IPOH	PERAK
30556	IPOH	PERAK
30560	IPOH	PERAK
30564	IPOH	PERAK
30570	IPOH	PERAK
30576	IPOH	PERAK
30580	IPOH	PERAK
30582	IPOH	PERAK
30586	IPOH	PERAK
30590	IPOH	PERAK
30592	IPOH	PERAK
30594	IPOH	PERAK
30596	IPOH	PERAK
30600	IPOH	PERAK
30604	IPOH	PERAK
30606	IPOH	PERAK
30609	IPOH	PERAK
30610	IPOH	PERAK
30612	IPOH	PERAK
30614	IPOH	PERAK
30620	IPOH	PERAK
30621	IPOH	PERAK
30622	IPOH	PERAK
30626	IPOH	PERAK
30628	IPOH	PERAK
30630	IPOH	PERAK
30632	IPOH	PERAK
30634	IPOH	PERAK
30644	IPOH	PERAK
30646	IPOH	PERAK
30648	IPOH	PERAK
30656	IPOH	PERAK
30658	IPOH	PERAK
30660	IPOH	PERAK
30661	IPOH	PERAK
30662	IPOH	PERAK
30664	IPOH	PERAK
30668	IPOH	PERAK
30670	IPOH	PERAK
30673	IPOH	PERAK
30674	IPOH	PERAK
30676	IPOH	PERAK
30682	IPOH	PERAK
30690	IPOH	PERAK
30700	IPOH	PERAK
30710	IPOH	PERAK
30720	IPOH	PERAK
30730	IPOH	PERAK
30740	IPOH	PERAK
30750	IPOH	PERAK
30760	IPOH	PERAK
30770	IPOH	PERAK
30780	IPOH	PERAK
30790	IPOH	PERAK
30800	IPOH	PERAK
30810	IPOH	PERAK
30820	IPOH	PERAK
30830	IPOH	PERAK
30840	IPOH	PERAK
30900	IPOH	PERAK
30902	IPOH	PERAK
30904	IPOH	PERAK
30906	IPOH	PERAK
30908	IPOH	PERAK
30910	IPOH	PERAK
30912	IPOH	PERAK
30988	IPOH	PERAK
30990	IPOH	PERAK
31000	BATU GAJAH	PERAK
31007	BATU GAJAH	PERAK
31009	BATU GAJAH	PERAK
31050	SUNGAI SIPUT	PERAK
31100	SUNGAI SIPUT	PERAK
31120	SUNGAI SIPUT	PERAK
31150	ULU KINTA	PERAK
31199	ULU KINTA	PERAK
31200	CHEMOR	PERAK
31250	TANJONG RAMBUTAN	PERAK
31300	KAMPUNG KEPAYANG	PERAK
31350	IPOH	PERAK
31400	IPOH	PERAK
31407	IPOH	PERAK
31409	IPOH	PERAK
31450	IPOH	PERAK
31500	IPOH	PERAK
31550	PUSING	PERAK
31560	PUSING	PERAK
31600	GOPENG	PERAK
31610	GOPENG	PERAK
31650	IPOH	PERAK
31672	IPOH	PERAK
31700	MALIM NAWAR	PERAK
31750	TRONOH	PERAK
31800	TANJONG TUALANG	PERAK
31850	JERAM	PERAK
31900	KAMPAR	PERAK
31907	KAMPAR	PERAK
31909	KAMPAR	PERAK
31910	KAMPAR	PERAK
31920	MAMBANG DI AWAN	PERAK
31950	MAMBANG DI AWAN	PERAK
32000	SITIAWAN	PERAK
32010	SITIAWAN	PERAK
32020	SITIAWAN	PERAK
32040	SERI MANJONG	PERAK
32050	SERI MANJONG	PERAK
32100	TLDM LUMUT	PERAK
32200	LUMUT	PERAK
32300	PANGKOR	PERAK
32400	AYER TAWAR	PERAK
32500	CHANGKAT KERUING	PERAK
32600	BOTA	PERAK
32610	BANDAR SERI ISKANDAR	PERAK
32700	BRUAS	PERAK
32800	PARIT	PERAK
32810	PARIT	PERAK
32900	LAMBOR KANAN	PERAK
32999	LAMBOR KANAN	PERAK
33000	KUALA KANGSAR	PERAK
33007	KUALA KANGSAR	PERAK
33009	KUALA KANGSAR	PERAK
33010	KUALA KANGSAR	PERAK
33020	KUALA KANGSAR	PERAK
33030	KUALA KANGSAR	PERAK
33040	KUALA KANGSAR	PERAK
33100	PENGKALAN HULU	PERAK
33200	INTAN	PERAK
33300	GERIK	PERAK
33310	GERIK	PERAK
33320	GERIK	PERAK
33400	LENGGONG	PERAK
33410	LENGGONG	PERAK
33420	LENGGONG	PERAK
33500	SAUK	PERAK
33600	ENGGOR	PERAK
33700	PADANG RENGAS	PERAK
33800	MANONG	PERAK
34000	TAIPING	PERAK
34007	TAIPING	PERAK
34008	TAIPING	PERAK
34009	TAIPING	PERAK
34010	TAIPING	PERAK
34020	TAIPING	PERAK
34030	TAIPING	PERAK
34100	SELAMA	PERAK
34120	SELAMA	PERAK
34130	SELAMA	PERAK
34140	RANTAU PANJANG	PERAK
34200	PARIT BUNTAR	PERAK
34250	TANJONG PIANDANG	PERAK
34300	BAGAN SERAI	PERAK
34310	BAGAN SERAI	PERAK
34350	KUALA KURAU	PERAK
34400	SIMPANG AMPAT SEMANGGOL	PERAK
34500	BATU KURAU	PERAK
34510	BATU KURAU	PERAK
34520	BATU KURAU	PERAK
34600	KAMUNTING	PERAK
34650	KUALA SEPETANG	PERAK
34700	SIMPANG	PERAK
34750	MATANG	PERAK
34800	TRONG	PERAK
34850	CHANGKAT JERING	PERAK
34900	PANTAI REMIS	PERAK
34910	PANTAI REMIS	PERAK
34950	BANDAR BAHARU	KEDAH
35000	TAPAH	PERAK
35007	TAPAH	PERAK
35009	TAPAH	PERAK
35300	CHENDERIANG	PERAK
35350	TEMOH	PERAK
35400	TAPAH ROAD	PERAK
35500	BIDOR	PERAK
35600	SUNGKAI	PERAK
35700	TROLAK	PERAK
35800	SLIM RIVER	PERAK
35820	SLIM RIVER	PERAK
35900	TANJONG MALIM	PERAK
35907	TANJONG MALIM	PERAK
35909	TANJONG MALIM	PERAK
35910	TANJONG MALIM	PERAK
35950	BEHRANG STESEN	PERAK
36000	TELUK INTAN	PERAK
36007	TELUK INTAN	PERAK
36008	TELUK INTAN	PERAK
36009	TELUK INTAN	PERAK
36010	TELUK INTAN	PERAK
36020	TELUK INTAN	PERAK
36030	TELUK INTAN	PERAK
36100	BAGAN DATOH	PERAK
36110	TELUK INTAN	PERAK
36200	SELEKOH	PERAK
36207	SELEKOH	PERAK
36209	SELEKOH	PERAK
36300	SUNGAI SUMUN	PERAK
36307	SUNGAI SUMUN	PERAK
36309	SUNGAI SUMUN	PERAK
36400	HUTAN MELINTANG	PERAK
36500	ULU BERNAM	PERAK
36600	CHENDERONG BALAI	PERAK
36700	LANGKAP	PERAK
36750	CHIKUS	PERAK
36800	KAMPUNG GAJAH	PERAK
36810	KAMPUNG GAJAH	PERAK
39000	TANAH RATA	PAHANG
39007	TANAH RATA	PAHANG
39009	TANAH RATA	PAHANG
39010	TANAH RATA	PAHANG
39100	BRINCHANG	PAHANG
39200	RINGLET	PAHANG
40000	SHAH ALAM	SELANGOR
40100	SHAH ALAM	SELANGOR
40140	SHAH ALAM	SELANGOR
40150	SHAH ALAM	SELANGOR
40160	SHAH ALAM	SELANGOR
40169	SHAH ALAM	SELANGOR
40170	SHAH ALAM	SELANGOR
40179	SHAH ALAM	SELANGOR
40200	SHAH ALAM	SELANGOR
40250	SHAH ALAM	SELANGOR
40300	SHAH ALAM	SELANGOR
40350	SHAH ALAM	SELANGOR
40400	SHAH ALAM	SELANGOR
40409	SHAH ALAM	SELANGOR
40410	SHAH ALAM	SELANGOR
40440	SHAH ALAM	SELANGOR
40450	SHAH ALAM	SELANGOR
40460	SHAH ALAM	SELANGOR
40470	SHAH ALAM	SELANGOR
40490	SHAH ALAM	SELANGOR
40500	SHAH ALAM	SELANGOR
40502	SHAH ALAM	SELANGOR
40503	SHAH ALAM	SELANGOR
40505	SHAH ALAM	SELANGOR
40512	SHAH ALAM	SELANGOR
40517	SHAH ALAM	SELANGOR
40520	SHAH ALAM	SELANGOR
40529	SHAH ALAM	SELANGOR
40542	SHAH ALAM	SELANGOR
40548	SHAH ALAM	SELANGOR
40550	SHAH ALAM	SELANGOR
40551	SHAH ALAM	SELANGOR
40560	SHAH ALAM	SELANGOR
40564	SHAH ALAM	SELANGOR
40570	SHAH ALAM	SELANGOR
40572	SHAH ALAM	SELANGOR
40576	SHAH ALAM	SELANGOR
40578	SHAH ALAM	SELANGOR
40582	SHAH ALAM	SELANGOR
40590	SHAH ALAM	SELANGOR
40592	SHAH ALAM	SELANGOR
40594	SHAH ALAM	SELANGOR
40596	SHAH ALAM	SELANGOR
40598	SHAH ALAM	SELANGOR
40600	SHAH ALAM	SELANGOR
40604	SHAH ALAM	SELANGOR
40607	SHAH ALAM	SELANGOR
40608	SHAH ALAM	SELANGOR
40610	SHAH ALAM	SELANGOR
40612	SHAH ALAM	SELANGOR
40620	SHAH ALAM	SELANGOR
40622	SHAH ALAM	SELANGOR
40626	SHAH ALAM	SELANGOR
40630	SHAH ALAM	SELANGOR
40632	SHAH ALAM	SELANGOR
40646	SHAH ALAM	SELANGOR
40648	SHAH ALAM	SELANGOR
40650	SHAH ALAM	SELANGOR
40660	SHAH ALAM	SELANGOR
40664	SHAH ALAM	SELANGOR
40670	SHAH ALAM	SELANGOR
40672	SHAH ALAM	SELANGOR
40673	SHAH ALAM	SELANGOR
40674	SHAH ALAM	SELANGOR
40675	SHAH ALAM	SELANGOR
40676	SHAH ALAM	SELANGOR
40680	SHAH ALAM	SELANGOR
40690	SHAH ALAM	SELANGOR
40700	SHAH ALAM	SELANGOR
40702	SHAH ALAM	SELANGOR
40704	SHAH ALAM	SELANGOR
40706	SHAH ALAM	SELANGOR
40708	SHAH ALAM	SELANGOR
40710	SHAH ALAM	SELANGOR
40712	SHAH ALAM	SELANGOR
40714	SHAH ALAM	SELANGOR
40716	SHAH ALAM	SELANGOR
40718	SHAH ALAM	SELANGOR
40720	SHAH ALAM	SELANGOR
40722	SHAH ALAM	SELANGOR
40724	SHAH ALAM	SELANGOR
40726	SHAH ALAM	SELANGOR
40728	SHAH ALAM	SELANGOR
40730	SHAH ALAM	SELANGOR
40732	SHAH ALAM	SELANGOR
40800	SHAH ALAM	SELANGOR
40802	SHAH ALAM	SELANGOR
40804	SHAH ALAM	SELANGOR
40806	SHAH ALAM	SELANGOR
40808	SHAH ALAM	SELANGOR
40810	SHAH ALAM	SELANGOR
40900	SHAH ALAM	SELANGOR
40912	SHAH ALAM	SELANGOR
40915	SHAH ALAM	SELANGOR
40990	SHAH ALAM	SELANGOR
41000	KLANG	SELANGOR
41050	KLANG	SELANGOR
41070	KLANG	SELANGOR
41100	KLANG	SELANGOR
41150	KLANG	SELANGOR
41160	KLANG	SELANGOR
41200	KLANG	SELANGOR
41205	KLANG	SELANGOR
41250	KLANG	SELANGOR
41299	KLANG	SELANGOR
41300	KLANG	SELANGOR
41301	KLANG	SELANGOR
41400	KLANG	SELANGOR
41500	KLANG	SELANGOR
41506	KLANG	SELANGOR
41560	KLANG	SELANGOR
41586	KLANG	SELANGOR
41600	KLANG	SELANGOR
41670	KLANG	SELANGOR
41672	KLANG	SELANGOR
41700	KLANG	SELANGOR
41710	KLANG	SELANGOR
41720	KLANG	SELANGOR
41730	KLANG	SELANGOR
41750	KLANG	SELANGOR
41780	KLANG	SELANGOR
41900	KLANG	SELANGOR
41902	KLANG	SELANGOR
41904	KLANG	SELANGOR
41906	KLANG	SELANGOR
41908	KLANG	SELANGOR
41910	KLANG	SELANGOR
41912	KLANG	SELANGOR
41914	KLANG	SELANGOR
41916	KLANG	SELANGOR
41918	KLANG	SELANGOR
41990	KLANG	SELANGOR
42000	PELABUHAN KLANG	SELANGOR
42007	PELABUHAN KLANG	SELANGOR
42008	PELABUHAN KLANG	SELANGOR
42009	PELABUHAN KLANG	SELANGOR
42100	KLANG	SELANGOR
42150	KLANG	SELANGOR
42160	RANTAU PANJANG	PERAK
42200	KAPAR	SELANGOR
42209	KAPAR	SELANGOR
42300	BANDAR PUNCAK ALAM	SELANGOR
42425	TELOK PANGLIMA GARANG	SELANGOR
42450	SHAH ALAM	SELANGOR
42500	TELOK PANGLIMA GARANG	SELANGOR
42507	TELOK PANGLIMA GARANG	SELANGOR
42509	TELOK PANGLIMA GARANG	SELANGOR
42600	JENJAROM	SELANGOR
42610	JENJAROM	SELANGOR
42619	JENJAROM	SELANGOR
42700	BANTING	SELANGOR
42800	TANJONG SEPAT	SELANGOR
42900	PULAU INDAH	SELANGOR
42907	PULAU INDAH	SELANGOR
42920	PULAU INDAH	SELANGOR
42940	PULAU KETAM	SELANGOR
42960	PULAU CAREY	SELANGOR
42999	PULAU CAREY	SELANGOR
43000	KAJANG	SELANGOR
43007	KAJANG	SELANGOR
43009	KAJANG	SELANGOR
43100	HULU LANGAT	SELANGOR
43200	CHERAS	SELANGOR
43207	CHERAS	SELANGOR
43300	SERI KEMBANGAN	SELANGOR
43399	SERI KEMBANGAN	SELANGOR
43400	SERDANG	SELANGOR
43500	SEMENYIH	SELANGOR
43558	KAJANG	SELANGOR
43600	BANGI	SELANGOR
43650	BANDAR BARU BANGI	SELANGOR
43700	BERANANG	SELANGOR
43701	BERANANG	SELANGOR
43800	DENGKIL	SELANGOR
43807	DENGKIL	SELANGOR
43900	SEPANG	SELANGOR
43950	SUNGAI PELEK	SELANGOR
43999	SUNGAI PELEK	SELANGOR
44000	KUALA KUBU BARU	SELANGOR
44010	KUALA KUBU BARU	SELANGOR
44020	KUALA KUBU BARU	SELANGOR
44100	KERLING	SELANGOR
44110	KUALA KUBU BARU	SELANGOR
44200	RASA	SELANGOR
44300	BATANG KALI	SELANGOR
44309	BATANG KALI	SELANGOR
44330	BATANG KALI	SELANGOR
45000	KUALA SELANGOR	SELANGOR
45010	KUALA SELANGOR	SELANGOR
45100	SUNGAI AYER TAWAR	SELANGOR
45200	SABAK BERNAM	SELANGOR
45207	SABAK BERNAM	SELANGOR
45209	SABAK BERNAM	SELANGOR
45300	SUNGAI BESAR	SELANGOR
45400	SEKINCHAN	SELANGOR
45500	TANJONG KARANG	SELANGOR
45600	BATANG BERJUNTAI	SELANGOR
45607	BATANG BERJUNTAI	SELANGOR
45609	BATANG BERJUNTAI	SELANGOR
45620	BATANG BERJUNTAI	SELANGOR
45630	BATANG BERJUNTAI	SELANGOR
45700	BUKIT ROTAN	SELANGOR
45800	JERAM	SELANGOR
46000	PETALING JAYA	SELANGOR
46040	PETALING JAYA	SELANGOR
46050	PETALING JAYA	SELANGOR
46080	PETALING JAYA	SELANGOR
46100	PETALING JAYA	SELANGOR
46150	PETALING JAYA	SELANGOR
46160	PETALING JAYA	SELANGOR
46200	PETALING JAYA	SELANGOR
46300	PETALING JAYA	SELANGOR
46350	PETALING JAYA	SELANGOR
46400	PETALING JAYA	SELANGOR
46460	PETALING JAYA	SELANGOR
46500	PETALING JAYA	SELANGOR
46505	PETALING JAYA	SELANGOR
46506	PETALING JAYA	SELANGOR
46510	PETALING JAYA	SELANGOR
46547	PETALING JAYA	SELANGOR
46549	PETALING JAYA	SELANGOR
46551	PETALING JAYA	SELANGOR
46564	PETALING JAYA	SELANGOR
46582	PETALING JAYA	SELANGOR
46598	PETALING JAYA	SELANGOR
46662	PETALING JAYA	SELANGOR
46667	PETALING JAYA	SELANGOR
46668	PETALING JAYA	SELANGOR
46672	PETALING JAYA	SELANGOR
46675	PETALING JAYA	SELANGOR
46692	PETALING JAYA	SELANGOR
46700	PETALING JAYA	SELANGOR
46710	PETALING JAYA	SELANGOR
46720	PETALING JAYA	SELANGOR
46730	PETALING JAYA	SELANGOR
46740	PETALING JAYA	SELANGOR
46750	PETALING JAYA	SELANGOR
46760	PETALING JAYA	SELANGOR
46770	PETALING JAYA	SELANGOR
46780	PETALING JAYA	SELANGOR
46781	PETALING JAYA	SELANGOR
46782	PETALING JAYA	SELANGOR
46783	PETALING JAYA	SELANGOR
46784	PETALING JAYA	SELANGOR
46785	PETALING JAYA	SELANGOR
46786	PETALING JAYA	SELANGOR
46787	PETALING JAYA	SELANGOR
46788	PETALING JAYA	SELANGOR
46789	PETALING JAYA	SELANGOR
46790	PETALING JAYA	SELANGOR
46791	PETALING JAYA	SELANGOR
46792	PETALING JAYA	SELANGOR
46793	PETALING JAYA	SELANGOR
46794	PETALING JAYA	SELANGOR
46795	PETALING JAYA	SELANGOR
46796	PETALING JAYA	SELANGOR
46797	PETALING JAYA	SELANGOR
46798	PETALING JAYA	SELANGOR
46799	PETALING JAYA	SELANGOR
46800	PETALING JAYA	SELANGOR
46801	PETALING JAYA	SELANGOR
46802	PETALING JAYA	SELANGOR
46803	PETALING JAYA	SELANGOR
46804	PETALING JAYA	SELANGOR
46805	PETALING JAYA	SELANGOR
46806	PETALING JAYA	SELANGOR
46860	PETALING JAYA	SELANGOR
46870	PETALING JAYA	SELANGOR
46960	PETALING JAYA	SELANGOR
46962	PETALING JAYA	SELANGOR
46964	PETALING JAYA	SELANGOR
46966	PETALING JAYA	SELANGOR
46968	PETALING JAYA	SELANGOR
46970	PETALING JAYA	SELANGOR
46972	PETALING JAYA	SELANGOR
46974	PETALING JAYA	SELANGOR
46976	PETALING JAYA	SELANGOR
46978	PETALING JAYA	SELANGOR
46990	PETALING JAYA	SELANGOR
47000	SUNGAI BULOH	SELANGOR
47020	SUNGAI BULOH	SELANGOR
47031	SUNGAI BULOH	SELANGOR
47100	PUCHONG	SELANGOR
47110	PUCHONG	SELANGOR
47120	PUCHONG	SELANGOR
47130	PUCHONG	SELANGOR
47140	PUCHONG	SELANGOR
47150	PUCHONG	SELANGOR
47160	PUCHONG	SELANGOR
47170	PUCHONG	SELANGOR
47180	PUCHONG	SELANGOR
47190	PUCHONG	SELANGOR
47200	SUBANG AIRPORT	SELANGOR
47210	SUBANG AIRPORT	SELANGOR
47300	PETALING JAYA	SELANGOR
47301	PETALING JAYA	SELANGOR
47304	PETALING JAYA	SELANGOR
47307	PETALING JAYA	SELANGOR
47308	PETALING JAYA	SELANGOR
47309	PETALING JAYA	SELANGOR
47310	PETALING JAYA	SELANGOR
47400	PETALING JAYA	SELANGOR
47410	PETALING JAYA	SELANGOR
47430	PETALING JAYA	SELANGOR
47500	SUBANG JAYA	SELANGOR
47507	SUBANG JAYA	SELANGOR
47510	SUBANG JAYA	SELANGOR
47600	SUBANG JAYA	SELANGOR
47601	SUBANG JAYA	SELANGOR
47610	SUBANG JAYA	SELANGOR
47618	SUBANG JAYA	SELANGOR
47620	SUBANG JAYA	SELANGOR
47630	SUBANG JAYA	SELANGOR
47640	SUBANG JAYA	SELANGOR
47650	SUBANG JAYA	SELANGOR
47800	PETALING JAYA	SELANGOR
47801	PETALING JAYA	SELANGOR
47810	PETALING JAYA	SELANGOR
47820	PETALING JAYA	SELANGOR
47829	PETALING JAYA	SELANGOR
47830	PETALING JAYA	SELANGOR
47850	PETALING JAYA	SELANGOR
48000	RAWANG	SELANGOR
48009	RAWANG	SELANGOR
48010	RAWANG	SELANGOR
48020	RAWANG	SELANGOR
48050	RAWANG	SELANGOR
48100	RAWANG	SELANGOR
48200	SERENDAH	SELANGOR
48250	SERENDAH	SELANGOR
48300	RAWANG	SELANGOR
48302	RAWANG	SELANGOR
49000	BUKIT FRASER	PAHANG
50000	KUALA LUMPUR	WP KUALA LUMPUR
50050	KUALA LUMPUR	WP KUALA LUMPUR
50088	KUALA LUMPUR	WP KUALA LUMPUR
50100	KUALA LUMPUR	WP KUALA LUMPUR
50150	KUALA LUMPUR	WP KUALA LUMPUR
50200	KUALA LUMPUR	WP KUALA LUMPUR
50250	KUALA LUMPUR	WP KUALA LUMPUR
50300	KUALA LUMPUR	WP KUALA LUMPUR
50350	KUALA LUMPUR	WP KUALA LUMPUR
50400	KUALA LUMPUR	WP KUALA LUMPUR
50420	KUALA LUMPUR	WP KUALA LUMPUR
50450	KUALA LUMPUR	WP KUALA LUMPUR
50460	KUALA LUMPUR	WP KUALA LUMPUR
50470	KUALA LUMPUR	WP KUALA LUMPUR
50480	KUALA LUMPUR	WP KUALA LUMPUR
50489	KUALA LUMPUR	WP KUALA LUMPUR
50490	KUALA LUMPUR	WP KUALA LUMPUR
50500	KUALA LUMPUR	WP KUALA LUMPUR
50502	KUALA LUMPUR	WP KUALA LUMPUR
50504	KUALA LUMPUR	WP KUALA LUMPUR
50505	KUALA LUMPUR	WP KUALA LUMPUR
50506	KUALA LUMPUR	WP KUALA LUMPUR
50507	KUALA LUMPUR	WP KUALA LUMPUR
50508	KUALA LUMPUR	WP KUALA LUMPUR
50512	KUALA LUMPUR	WP KUALA LUMPUR
50514	KUALA LUMPUR	WP KUALA LUMPUR
50515	KUALA LUMPUR	WP KUALA LUMPUR
50519	KUALA LUMPUR	WP KUALA LUMPUR
50528	KUALA LUMPUR	WP KUALA LUMPUR
50529	KUALA LUMPUR	WP KUALA LUMPUR
50530	KUALA LUMPUR	WP KUALA LUMPUR
50532	KUALA LUMPUR	WP KUALA LUMPUR
50534	KUALA LUMPUR	WP KUALA LUMPUR
50536	KUALA LUMPUR	WP KUALA LUMPUR
50538	KUALA LUMPUR	WP KUALA LUMPUR
50540	KUALA LUMPUR	WP KUALA LUMPUR
50544	KUALA LUMPUR	WP KUALA LUMPUR
50546	KUALA LUMPUR	WP KUALA LUMPUR
50548	KUALA LUMPUR	WP KUALA LUMPUR
50550	KUALA LUMPUR	WP KUALA LUMPUR
50551	KUALA LUMPUR	WP KUALA LUMPUR
50552	KUALA LUMPUR	WP KUALA LUMPUR
50554	KUALA LUMPUR	WP KUALA LUMPUR
50556	KUALA LUMPUR	WP KUALA LUMPUR
50560	KUALA LUMPUR	WP KUALA LUMPUR
50562	KUALA LUMPUR	WP KUALA LUMPUR
50564	KUALA LUMPUR	WP KUALA LUMPUR
50566	KUALA LUMPUR	WP KUALA LUMPUR
50568	KUALA LUMPUR	WP KUALA LUMPUR
50572	KUALA LUMPUR	WP KUALA LUMPUR
50576	KUALA LUMPUR	WP KUALA LUMPUR
50578	KUALA LUMPUR	WP KUALA LUMPUR
50580	KUALA LUMPUR	WP KUALA LUMPUR
50582	KUALA LUMPUR	WP KUALA LUMPUR
50586	KUALA LUMPUR	WP KUALA LUMPUR
50588	KUALA LUMPUR	WP KUALA LUMPUR
50590	KUALA LUMPUR	WP KUALA LUMPUR
50592	KUALA LUMPUR	WP KUALA LUMPUR
50594	KUALA LUMPUR	WP KUALA LUMPUR
50596	KUALA LUMPUR	WP KUALA LUMPUR
50598	KUALA LUMPUR	WP KUALA LUMPUR
50599	KUALA LUMPUR	WP KUALA LUMPUR
50600	KUALA LUMPUR	WP KUALA LUMPUR
50603	KUALA LUMPUR	WP KUALA LUMPUR
50604	KUALA LUMPUR	WP KUALA LUMPUR
50605	KUALA LUMPUR	WP KUALA LUMPUR
50608	KUALA LUMPUR	WP KUALA LUMPUR
50609	KUALA LUMPUR	WP KUALA LUMPUR
50610	KUALA LUMPUR	WP KUALA LUMPUR
50612	KUALA LUMPUR	WP KUALA LUMPUR
50614	KUALA LUMPUR	WP KUALA LUMPUR
50620	KUALA LUMPUR	WP KUALA LUMPUR
50621	KUALA LUMPUR	WP KUALA LUMPUR
50622	KUALA LUMPUR	WP KUALA LUMPUR
50623	KUALA LUMPUR	WP KUALA LUMPUR
50626	KUALA LUMPUR	WP KUALA LUMPUR
50630	KUALA LUMPUR	WP KUALA LUMPUR
50632	KUALA LUMPUR	WP KUALA LUMPUR
50634	KUALA LUMPUR	WP KUALA LUMPUR
50636	KUALA LUMPUR	WP KUALA LUMPUR
50638	KUALA LUMPUR	WP KUALA LUMPUR
50640	KUALA LUMPUR	WP KUALA LUMPUR
50642	KUALA LUMPUR	WP KUALA LUMPUR
50644	KUALA LUMPUR	WP KUALA LUMPUR
50646	KUALA LUMPUR	WP KUALA LUMPUR
50648	KUALA LUMPUR	WP KUALA LUMPUR
50650	KUALA LUMPUR	WP KUALA LUMPUR
50652	KUALA LUMPUR	WP KUALA LUMPUR
50653	KUALA LUMPUR	WP KUALA LUMPUR
50656	KUALA LUMPUR	WP KUALA LUMPUR
50658	KUALA LUMPUR	WP KUALA LUMPUR
50660	KUALA LUMPUR	WP KUALA LUMPUR
50661	KUALA LUMPUR	WP KUALA LUMPUR
50662	KUALA LUMPUR	WP KUALA LUMPUR
50664	KUALA LUMPUR	WP KUALA LUMPUR
50666	KUALA LUMPUR	WP KUALA LUMPUR
50668	KUALA LUMPUR	WP KUALA LUMPUR
50670	KUALA LUMPUR	WP KUALA LUMPUR
50672	KUALA LUMPUR	WP KUALA LUMPUR
50673	KUALA LUMPUR	WP KUALA LUMPUR
50674	KUALA LUMPUR	WP KUALA LUMPUR
50676	KUALA LUMPUR	WP KUALA LUMPUR
50677	KUALA LUMPUR	WP KUALA LUMPUR
50678	KUALA LUMPUR	WP KUALA LUMPUR
50680	KUALA LUMPUR	WP KUALA LUMPUR
50682	KUALA LUMPUR	WP KUALA LUMPUR
50684	KUALA LUMPUR	WP KUALA LUMPUR
50688	KUALA LUMPUR	WP KUALA LUMPUR
50694	KUALA LUMPUR	WP KUALA LUMPUR
50700	KUALA LUMPUR	WP KUALA LUMPUR
50702	KUALA LUMPUR	WP KUALA LUMPUR
50704	KUALA LUMPUR	WP KUALA LUMPUR
50706	KUALA LUMPUR	WP KUALA LUMPUR
50708	KUALA LUMPUR	WP KUALA LUMPUR
50710	KUALA LUMPUR	WP KUALA LUMPUR
50712	KUALA LUMPUR	WP KUALA LUMPUR
50714	KUALA LUMPUR	WP KUALA LUMPUR
50716	KUALA LUMPUR	WP KUALA LUMPUR
50718	KUALA LUMPUR	WP KUALA LUMPUR
50720	KUALA LUMPUR	WP KUALA LUMPUR
50722	KUALA LUMPUR	WP KUALA LUMPUR
50724	KUALA LUMPUR	WP KUALA LUMPUR
50726	KUALA LUMPUR	WP KUALA LUMPUR
50728	KUALA LUMPUR	WP KUALA LUMPUR
50730	KUALA LUMPUR	WP KUALA LUMPUR
50732	KUALA LUMPUR	WP KUALA LUMPUR
50734	KUALA LUMPUR	WP KUALA LUMPUR
50736	KUALA LUMPUR	WP KUALA LUMPUR
50738	KUALA LUMPUR	WP KUALA LUMPUR
50740	KUALA LUMPUR	WP KUALA LUMPUR
50742	KUALA LUMPUR	WP KUALA LUMPUR
50744	KUALA LUMPUR	WP KUALA LUMPUR
50746	KUALA LUMPUR	WP KUALA LUMPUR
50748	KUALA LUMPUR	WP KUALA LUMPUR
50750	KUALA LUMPUR	WP KUALA LUMPUR
50752	KUALA LUMPUR	WP KUALA LUMPUR
50754	KUALA LUMPUR	WP KUALA LUMPUR
50758	KUALA LUMPUR	WP KUALA LUMPUR
50760	KUALA LUMPUR	WP KUALA LUMPUR
50762	KUALA LUMPUR	WP KUALA LUMPUR
50764	KUALA LUMPUR	WP KUALA LUMPUR
50766	KUALA LUMPUR	WP KUALA LUMPUR
50768	KUALA LUMPUR	WP KUALA LUMPUR
50770	KUALA LUMPUR	WP KUALA LUMPUR
50772	KUALA LUMPUR	WP KUALA LUMPUR
50774	KUALA LUMPUR	WP KUALA LUMPUR
50776	KUALA LUMPUR	WP KUALA LUMPUR
50778	KUALA LUMPUR	WP KUALA LUMPUR
50780	KUALA LUMPUR	WP KUALA LUMPUR
50782	KUALA LUMPUR	WP KUALA LUMPUR
50784	KUALA LUMPUR	WP KUALA LUMPUR
50786	KUALA LUMPUR	WP KUALA LUMPUR
50788	KUALA LUMPUR	WP KUALA LUMPUR
50790	KUALA LUMPUR	WP KUALA LUMPUR
50792	KUALA LUMPUR	WP KUALA LUMPUR
50794	KUALA LUMPUR	WP KUALA LUMPUR
50796	KUALA LUMPUR	WP KUALA LUMPUR
50798	KUALA LUMPUR	WP KUALA LUMPUR
50800	KUALA LUMPUR	WP KUALA LUMPUR
50802	KUALA LUMPUR	WP KUALA LUMPUR
50804	KUALA LUMPUR	WP KUALA LUMPUR
50806	KUALA LUMPUR	WP KUALA LUMPUR
50808	KUALA LUMPUR	WP KUALA LUMPUR
50810	KUALA LUMPUR	WP KUALA LUMPUR
50812	KUALA LUMPUR	WP KUALA LUMPUR
50814	KUALA LUMPUR	WP KUALA LUMPUR
50816	KUALA LUMPUR	WP KUALA LUMPUR
50818	KUALA LUMPUR	WP KUALA LUMPUR
50901	KUALA LUMPUR	WP KUALA LUMPUR
50902	KUALA LUMPUR	WP KUALA LUMPUR
50903	KUALA LUMPUR	WP KUALA LUMPUR
50904	KUALA LUMPUR	WP KUALA LUMPUR
50906	KUALA LUMPUR	WP KUALA LUMPUR
50907	KUALA LUMPUR	WP KUALA LUMPUR
50908	KUALA LUMPUR	WP KUALA LUMPUR
50909	KUALA LUMPUR	WP KUALA LUMPUR
50910	KUALA LUMPUR	WP KUALA LUMPUR
50911	KUALA LUMPUR	WP KUALA LUMPUR
50912	KUALA LUMPUR	WP KUALA LUMPUR
50913	KUALA LUMPUR	WP KUALA LUMPUR
50914	KUALA LUMPUR	WP KUALA LUMPUR
50915	KUALA LUMPUR	WP KUALA LUMPUR
50916	KUALA LUMPUR	WP KUALA LUMPUR
50917	KUALA LUMPUR	WP KUALA LUMPUR
50918	KUALA LUMPUR	WP KUALA LUMPUR
50919	KUALA LUMPUR	WP KUALA LUMPUR
50920	KUALA LUMPUR	WP KUALA LUMPUR
50921	KUALA LUMPUR	WP KUALA LUMPUR
50922	KUALA LUMPUR	WP KUALA LUMPUR
50923	KUALA LUMPUR	WP KUALA LUMPUR
50924	KUALA LUMPUR	WP KUALA LUMPUR
50925	KUALA LUMPUR	WP KUALA LUMPUR
50926	KUALA LUMPUR	WP KUALA LUMPUR
50927	KUALA LUMPUR	WP KUALA LUMPUR
50928	KUALA LUMPUR	WP KUALA LUMPUR
50929	KUALA LUMPUR	WP KUALA LUMPUR
50930	KUALA LUMPUR	WP KUALA LUMPUR
50931	KUALA LUMPUR	WP KUALA LUMPUR
50932	KUALA LUMPUR	WP KUALA LUMPUR
50933	KUALA LUMPUR	WP KUALA LUMPUR
50934	KUALA LUMPUR	WP KUALA LUMPUR
50935	KUALA LUMPUR	WP KUALA LUMPUR
50936	KUALA LUMPUR	WP KUALA LUMPUR
50937	KUALA LUMPUR	WP KUALA LUMPUR
50938	KUALA LUMPUR	WP KUALA LUMPUR
50939	KUALA LUMPUR	WP KUALA LUMPUR
50940	KUALA LUMPUR	WP KUALA LUMPUR
50941	KUALA LUMPUR	WP KUALA LUMPUR
50942	KUALA LUMPUR	WP KUALA LUMPUR
50943	KUALA LUMPUR	WP KUALA LUMPUR
50944	KUALA LUMPUR	WP KUALA LUMPUR
50945	KUALA LUMPUR	WP KUALA LUMPUR
50946	KUALA LUMPUR	WP KUALA LUMPUR
50947	KUALA LUMPUR	WP KUALA LUMPUR
50948	KUALA LUMPUR	WP KUALA LUMPUR
50949	KUALA LUMPUR	WP KUALA LUMPUR
50950	KUALA LUMPUR	WP KUALA LUMPUR
50988	KUALA LUMPUR	WP KUALA LUMPUR
50989	KUALA LUMPUR	WP KUALA LUMPUR
50990	KUALA LUMPUR	WP KUALA LUMPUR
51000	KUALA LUMPUR	WP KUALA LUMPUR
51100	KUALA LUMPUR	WP KUALA LUMPUR
51200	KUALA LUMPUR	WP KUALA LUMPUR
51300	KUALA LUMPUR	WP KUALA LUMPUR
51640	KUALA LUMPUR	WP KUALA LUMPUR
51700	KUALA LUMPUR	WP KUALA LUMPUR
51800	KUALA LUMPUR	WP KUALA LUMPUR
51900	KUALA LUMPUR	WP KUALA LUMPUR
51990	KUALA LUMPUR	WP KUALA LUMPUR
52000	KUALA LUMPUR	WP KUALA LUMPUR
52100	KUALA LUMPUR	WP KUALA LUMPUR
52109	KUALA LUMPUR	WP KUALA LUMPUR
52200	KUALA LUMPUR	WP KUALA LUMPUR
52210	KUALA LUMPUR	WP KUALA LUMPUR
52220	KUALA LUMPUR	WP KUALA LUMPUR
53000	KUALA LUMPUR	WP KUALA LUMPUR
53100	KUALA LUMPUR	WP KUALA LUMPUR
53200	KUALA LUMPUR	WP KUALA LUMPUR
53300	SETAPAK	WP KUALA LUMPUR
53500	KUALA LUMPUR	WP KUALA LUMPUR
53700	KUALA LUMPUR	WP KUALA LUMPUR
53800	KUALA LUMPUR	WP KUALA LUMPUR
53990	KUALA LUMPUR	WP KUALA LUMPUR
54000	KUALA LUMPUR	WP KUALA LUMPUR
54050	KUALA LUMPUR	WP KUALA LUMPUR
54100	KUALA LUMPUR	WP KUALA LUMPUR
54200	KUALA LUMPUR	WP KUALA LUMPUR
54540	KUALA LUMPUR	WP KUALA LUMPUR
55000	KUALA LUMPUR	WP KUALA LUMPUR
55100	KUALA LUMPUR	WP KUALA LUMPUR
55200	KUALA LUMPUR	WP KUALA LUMPUR
55220	KUALA LUMPUR	WP KUALA LUMPUR
55300	KUALA LUMPUR	WP KUALA LUMPUR
55330	KUALA LUMPUR	WP KUALA LUMPUR
55555	SUBANG JAYA	SELANGOR
55700	KUALA LUMPUR	WP KUALA LUMPUR
55710	KUALA LUMPUR	WP KUALA LUMPUR
55720	KUALA LUMPUR	WP KUALA LUMPUR
55900	KUALA LUMPUR	WP KUALA LUMPUR
55902	KUALA LUMPUR	WP KUALA LUMPUR
55904	KUALA LUMPUR	WP KUALA LUMPUR
55906	KUALA LUMPUR	WP KUALA LUMPUR
55908	KUALA LUMPUR	WP KUALA LUMPUR
55910	KUALA LUMPUR	WP KUALA LUMPUR
55912	KUALA LUMPUR	WP KUALA LUMPUR
55914	KUALA LUMPUR	WP KUALA LUMPUR
55916	KUALA LUMPUR	WP KUALA LUMPUR
55918	KUALA LUMPUR	WP KUALA LUMPUR
55920	KUALA LUMPUR	WP KUALA LUMPUR
55922	KUALA LUMPUR	WP KUALA LUMPUR
55924	KUALA LUMPUR	WP KUALA LUMPUR
55926	KUALA LUMPUR	WP KUALA LUMPUR
55928	KUALA LUMPUR	WP KUALA LUMPUR
55930	KUALA LUMPUR	WP KUALA LUMPUR
55932	KUALA LUMPUR	WP KUALA LUMPUR
55934	KUALA LUMPUR	WP KUALA LUMPUR
55990	KUALA LUMPUR	WP KUALA LUMPUR
56000	KUALA LUMPUR	WP KUALA LUMPUR
56100	KUALA LUMPUR	WP KUALA LUMPUR
57000	KUALA LUMPUR	WP KUALA LUMPUR
57100	KUALA LUMPUR	WP KUALA LUMPUR
57200	KUALA LUMPUR	WP KUALA LUMPUR
57700	KUALA LUMPUR	WP KUALA LUMPUR
57990	KUALA LUMPUR	WP KUALA LUMPUR
58000	KUALA LUMPUR	WP KUALA LUMPUR
58100	KUALA LUMPUR	WP KUALA LUMPUR
58200	KUALA LUMPUR	WP KUALA LUMPUR
58209	KUALA LUMPUR	WP KUALA LUMPUR
58700	KUALA LUMPUR	WP KUALA LUMPUR
58990	KUALA LUMPUR	WP KUALA LUMPUR
59000	KUALA LUMPUR	WP KUALA LUMPUR
59001	KUALA LUMPUR	WP KUALA LUMPUR
59100	KUALA LUMPUR	WP KUALA LUMPUR
59200	KUALA LUMPUR	WP KUALA LUMPUR
59206	KUALA LUMPUR	WP KUALA LUMPUR
59700	KUALA LUMPUR	WP KUALA LUMPUR
59800	KUALA LUMPUR	WP KUALA LUMPUR
59990	KUALA LUMPUR	WP KUALA LUMPUR
60000	KUALA LUMPUR	WP KUALA LUMPUR
62000	PUTRAJAYA	WP PUTRAJAYA
62007	PUTRAJAYA	WP PUTRAJAYA
62050	PUTRAJAYA	WP PUTRAJAYA
62052	PUTRAJAYA	WP PUTRAJAYA
62100	PUTRAJAYA	WP PUTRAJAYA
62150	PUTRAJAYA	WP PUTRAJAYA
62200	PUTRAJAYA	WP PUTRAJAYA
62250	PUTRAJAYA	WP PUTRAJAYA
62300	PUTRAJAYA	WP PUTRAJAYA
62500	PUTRAJAYA	WP PUTRAJAYA
62502	PUTRAJAYA	WP PUTRAJAYA
62503	PUTRAJAYA	WP PUTRAJAYA
62504	PUTRAJAYA	WP PUTRAJAYA
62505	PUTRAJAYA	WP PUTRAJAYA
62506	PUTRAJAYA	WP PUTRAJAYA
62510	PUTRAJAYA	WP PUTRAJAYA
62512	PUTRAJAYA	WP PUTRAJAYA
62514	PUTRAJAYA	WP PUTRAJAYA
62516	PUTRAJAYA	WP PUTRAJAYA
62517	PUTRAJAYA	WP PUTRAJAYA
62518	PUTRAJAYA	WP PUTRAJAYA
62519	PUTRAJAYA	WP PUTRAJAYA
62520	PUTRAJAYA	WP PUTRAJAYA
62522	PUTRAJAYA	WP PUTRAJAYA
62524	PUTRAJAYA	WP PUTRAJAYA
62526	PUTRAJAYA	WP PUTRAJAYA
62527	PUTRAJAYA	WP PUTRAJAYA
62529	PUTRAJAYA	WP PUTRAJAYA
62530	PUTRAJAYA	WP PUTRAJAYA
62532	PUTRAJAYA	WP PUTRAJAYA
62536	PUTRAJAYA	WP PUTRAJAYA
62539	PUTRAJAYA	WP PUTRAJAYA
62540	PUTRAJAYA	WP PUTRAJAYA
62542	PUTRAJAYA	WP PUTRAJAYA
62546	PUTRAJAYA	WP PUTRAJAYA
62550	PUTRAJAYA	WP PUTRAJAYA
62551	PUTRAJAYA	WP PUTRAJAYA
62570	PUTRAJAYA	WP PUTRAJAYA
62574	PUTRAJAYA	WP PUTRAJAYA
62576	PUTRAJAYA	WP PUTRAJAYA
62578	PUTRAJAYA	WP PUTRAJAYA
62582	PUTRAJAYA	WP PUTRAJAYA
62584	PUTRAJAYA	WP PUTRAJAYA
62590	PUTRAJAYA	WP PUTRAJAYA
62592	PUTRAJAYA	WP PUTRAJAYA
62594	PUTRAJAYA	WP PUTRAJAYA
62596	PUTRAJAYA	WP PUTRAJAYA
62602	PUTRAJAYA	WP PUTRAJAYA
62604	PUTRAJAYA	WP PUTRAJAYA
62605	PUTRAJAYA	WP PUTRAJAYA
62606	PUTRAJAYA	WP PUTRAJAYA
62616	PUTRAJAYA	WP PUTRAJAYA
62618	PUTRAJAYA	WP PUTRAJAYA
62620	PUTRAJAYA	WP PUTRAJAYA
62623	PUTRAJAYA	WP PUTRAJAYA
62624	PUTRAJAYA	WP PUTRAJAYA
62628	PUTRAJAYA	WP PUTRAJAYA
62630	PUTRAJAYA	WP PUTRAJAYA
62632	PUTRAJAYA	WP PUTRAJAYA
62648	PUTRAJAYA	WP PUTRAJAYA
62652	PUTRAJAYA	WP PUTRAJAYA
62654	PUTRAJAYA	WP PUTRAJAYA
62657	PUTRAJAYA	WP PUTRAJAYA
62662	PUTRAJAYA	WP PUTRAJAYA
62668	PUTRAJAYA	WP PUTRAJAYA
62670	PUTRAJAYA	WP PUTRAJAYA
62674	PUTRAJAYA	WP PUTRAJAYA
62675	PUTRAJAYA	WP PUTRAJAYA
62676	PUTRAJAYA	WP PUTRAJAYA
62677	PUTRAJAYA	WP PUTRAJAYA
62686	PUTRAJAYA	WP PUTRAJAYA
62690	PUTRAJAYA	WP PUTRAJAYA
62692	PUTRAJAYA	WP PUTRAJAYA
62988	PUTRAJAYA	WP PUTRAJAYA
63000	CYBERJAYA	SELANGOR
63100	CYBERJAYA	SELANGOR
63200	CYBERJAYA	SELANGOR
63300	CYBERJAYA	SELANGOR
64000	KLIA	SELANGOR
68000	AMPANG	SELANGOR
68100	BATU CAVES	SELANGOR
69000	GENTING HIGHLANDS	PAHANG
70000	SEREMBAN	NEGERI SEMBILAN
70100	SEREMBAN	NEGERI SEMBILAN
70200	SEREMBAN	NEGERI SEMBILAN
70300	SEREMBAN	NEGERI SEMBILAN
70400	SEREMBAN	NEGERI SEMBILAN
70450	SEREMBAN	NEGERI SEMBILAN
70500	SEREMBAN	NEGERI SEMBILAN
70502	SEREMBAN	NEGERI SEMBILAN
70503	SEREMBAN	NEGERI SEMBILAN
70504	SEREMBAN	NEGERI SEMBILAN
70505	SEREMBAN	NEGERI SEMBILAN
70506	SEREMBAN	NEGERI SEMBILAN
70508	SEREMBAN	NEGERI SEMBILAN
70512	SEREMBAN	NEGERI SEMBILAN
70516	SEREMBAN	NEGERI SEMBILAN
70517	SEREMBAN	NEGERI SEMBILAN
70518	SEREMBAN	NEGERI SEMBILAN
70532	SEREMBAN	NEGERI SEMBILAN
70534	SEREMBAN	NEGERI SEMBILAN
70536	SEREMBAN	NEGERI SEMBILAN
70540	SEREMBAN	NEGERI SEMBILAN
70546	SEREMBAN	NEGERI SEMBILAN
70548	SEREMBAN	NEGERI SEMBILAN
70550	SEREMBAN	NEGERI SEMBILAN
70551	SEREMBAN	NEGERI SEMBILAN
70558	SEREMBAN	NEGERI SEMBILAN
70560	SEREMBAN	NEGERI SEMBILAN
70564	SEREMBAN	NEGERI SEMBILAN
70570	SEREMBAN	NEGERI SEMBILAN
70572	SEREMBAN	NEGERI SEMBILAN
70576	SEREMBAN	NEGERI SEMBILAN
70578	SEREMBAN	NEGERI SEMBILAN
70582	SEREMBAN	NEGERI SEMBILAN
70586	SEREMBAN	NEGERI SEMBILAN
70590	SEREMBAN	NEGERI SEMBILAN
70592	SEREMBAN	NEGERI SEMBILAN
70594	SEREMBAN	NEGERI SEMBILAN
70596	SEREMBAN	NEGERI SEMBILAN
70600	SEREMBAN	NEGERI SEMBILAN
70604	SEREMBAN	NEGERI SEMBILAN
70606	SEREMBAN	NEGERI SEMBILAN
70608	SEREMBAN	NEGERI SEMBILAN
70609	SEREMBAN	NEGERI SEMBILAN
70610	SEREMBAN	NEGERI SEMBILAN
70620	SEREMBAN	NEGERI SEMBILAN
70626	SEREMBAN	NEGERI SEMBILAN
70628	SEREMBAN	NEGERI SEMBILAN
70632	SEREMBAN	NEGERI SEMBILAN
70634	SEREMBAN	NEGERI SEMBILAN
70644	SEREMBAN	NEGERI SEMBILAN
70646	SEREMBAN	NEGERI SEMBILAN
70648	SEREMBAN	NEGERI SEMBILAN
70658	SEREMBAN	NEGERI SEMBILAN
70664	SEREMBAN	NEGERI SEMBILAN
70670	SEREMBAN	NEGERI SEMBILAN
70672	SEREMBAN	NEGERI SEMBILAN
70673	SEREMBAN	NEGERI SEMBILAN
70674	SEREMBAN	NEGERI SEMBILAN
70676	SEREMBAN	NEGERI SEMBILAN
70690	SEREMBAN	NEGERI SEMBILAN
70700	SEREMBAN	NEGERI SEMBILAN
70710	SEREMBAN	NEGERI SEMBILAN
70720	SEREMBAN	NEGERI SEMBILAN
70730	SEREMBAN	NEGERI SEMBILAN
70740	SEREMBAN	NEGERI SEMBILAN
70750	SEREMBAN	NEGERI SEMBILAN
70990	SEREMBAN	NEGERI SEMBILAN
71000	PORT DICKSON	NEGERI SEMBILAN
71007	PORT DICKSON	NEGERI SEMBILAN
71009	PORT DICKSON	NEGERI SEMBILAN
71010	PORT DICKSON	NEGERI SEMBILAN
71050	SI RUSA	NEGERI SEMBILAN
71059	SI RUSA	NEGERI SEMBILAN
71100	RANTAU	NEGERI SEMBILAN
71109	RANTAU	NEGERI SEMBILAN
71150	LINGGI	NEGERI SEMBILAN
71159	LINGGI	NEGERI SEMBILAN
71200	RANTAU	NEGERI SEMBILAN
71209	RANTAU	NEGERI SEMBILAN
71250	SI RUSA	NEGERI SEMBILAN
71259	SI RUSA	NEGERI SEMBILAN
71300	REMBAU	NEGERI SEMBILAN
71309	REMBAU	NEGERI SEMBILAN
71350	KOTA	NEGERI SEMBILAN
71359	KOTA	NEGERI SEMBILAN
71400	REMBAU	NEGERI SEMBILAN
71409	REMBAU	NEGERI SEMBILAN
71450	SEREMBAN	NEGERI SEMBILAN
71459	SEREMBAN	NEGERI SEMBILAN
71500	TANJONG IPOH	NEGERI SEMBILAN
71509	TANJONG IPOH	NEGERI SEMBILAN
71550	TANJONG IPOH	NEGERI SEMBILAN
71559	TANJONG IPOH	NEGERI SEMBILAN
71590	PEKAN NENAS	JOHOR
71600	KUALA KLAWANG	NEGERI SEMBILAN
71609	KUALA KLAWANG	NEGERI SEMBILAN
71650	KUALA KLAWANG	NEGERI SEMBILAN
71659	KUALA KLAWANG	NEGERI SEMBILAN
71700	MANTIN	NEGERI SEMBILAN
71707	MANTIN	NEGERI SEMBILAN
71709	MANTIN	NEGERI SEMBILAN
71750	MANTIN	NEGERI SEMBILAN
71759	MANTIN	NEGERI SEMBILAN
71760	BANDAR BARU ENSTEK	NEGERI SEMBILAN
71770	SEREMBAN	NEGERI SEMBILAN
71800	NILAI	NEGERI SEMBILAN
71807	NILAI	NEGERI SEMBILAN
71809	NILAI	NEGERI SEMBILAN
71850	NILAI	NEGERI SEMBILAN
71900	LABU	NEGERI SEMBILAN
71907	LABU	NEGERI SEMBILAN
71909	LABU	NEGERI SEMBILAN
71950	SEREMBAN	NEGERI SEMBILAN
71960	PORT DICKSON	NEGERI SEMBILAN
71999	PORT DICKSON	NEGERI SEMBILAN
72000	KUALA PILAH	NEGERI SEMBILAN
72007	KUALA PILAH	NEGERI SEMBILAN
72009	KUALA PILAH	NEGERI SEMBILAN
72100	BAHAU	NEGERI SEMBILAN
72107	BAHAU	NEGERI SEMBILAN
72109	BAHAU	NEGERI SEMBILAN
72120	BANDAR SERI JEMPOL	NEGERI SEMBILAN
72127	BANDAR SERI JEMPOL	NEGERI SEMBILAN
72129	BANDAR SERI JEMPOL	NEGERI SEMBILAN
72130	BANDAR BARU SERTING	NEGERI SEMBILAN
72200	BATU KIKIR	NEGERI SEMBILAN
72207	BATU KIKIR	NEGERI SEMBILAN
72209	BATU KIKIR	NEGERI SEMBILAN
72300	SIMPANG PERTANG	NEGERI SEMBILAN
72307	SIMPANG PERTANG	NEGERI SEMBILAN
72309	SIMPANG PERTANG	NEGERI SEMBILAN
72400	SIMPANG DURIAN	NEGERI SEMBILAN
72409	SIMPANG DURIAN	NEGERI SEMBILAN
72500	KUALA PILAH	NEGERI SEMBILAN
72507	KUALA PILAH	NEGERI SEMBILAN
72509	KUALA PILAH	NEGERI SEMBILAN
73000	TAMPIN	NEGERI SEMBILAN
73007	TAMPIN	NEGERI SEMBILAN
73009	TAMPIN	NEGERI SEMBILAN
73100	JOHOL	NEGERI SEMBILAN
73109	JOHOL	NEGERI SEMBILAN
73200	GEMENCHEH	NEGERI SEMBILAN
73207	GEMENCHEH	NEGERI SEMBILAN
73209	GEMENCHEH	NEGERI SEMBILAN
73300	GEMENCHEH	NEGERI SEMBILAN
73309	GEMENCHEH	NEGERI SEMBILAN
73400	GEMAS	NEGERI SEMBILAN
73409	GEMAS	NEGERI SEMBILAN
73410	GEMAS	NEGERI SEMBILAN
73420	GEMAS	NEGERI SEMBILAN
73430	PUSAT BANDAR PALONG	NEGERI SEMBILAN
73440	PUSAT BANDAR PALONG	NEGERI SEMBILAN
73450	PUSAT BANDAR PALONG	NEGERI SEMBILAN
73460	PUSAT BANDAR PALONG	NEGERI SEMBILAN
73470	PUSAT BANDAR PALONG	NEGERI SEMBILAN
73480	GEMAS	NEGERI SEMBILAN
73500	ROMPIN	NEGERI SEMBILAN
73507	ROMPIN	NEGERI SEMBILAN
73509	ROMPIN	NEGERI SEMBILAN
75000	MELAKA	MELAKA
75050	MELAKA	MELAKA
75100	MELAKA	MELAKA
75150	MELAKA	MELAKA
75200	MELAKA	MELAKA
75250	MELAKA	MELAKA
75260	MELAKA	MELAKA
75300	MELAKA	MELAKA
75350	MELAKA	MELAKA
75400	MELAKA	MELAKA
75430	MELAKA	MELAKA
75450	AYER KEROH	MELAKA
75460	MELAKA	MELAKA
76100	DURIAN TUNGGAL	MELAKA
76109	DURIAN TUNGGAL	MELAKA
76200	KEM TRENDAK	MELAKA
76300	SUNGAI UDANG	MELAKA
76400	TANJONG KLING	MELAKA
76409	TANJONG KLING	MELAKA
76450	MELAKA	MELAKA
77000	JASIN	MELAKA
77007	JASIN	MELAKA
77008	JASIN	MELAKA
77009	JASIN	MELAKA
77100	ASAHAN	MELAKA
77109	ASAHAN	MELAKA
77200	BEMBAN	MELAKA
77300	MERLIMAU	MELAKA
77400	SUNGAI RAMBAI	MELAKA
77500	SELANDAR	MELAKA
78000	ALOR GAJAH	MELAKA
78009	ALOR GAJAH	MELAKA
78100	LUBOK CHINA	MELAKA
78200	KUALA SUNGAI BARU	MELAKA
78300	MASJID TANAH	MELAKA
78307	MASJID TANAH	MELAKA
78309	MASJID TANAH	MELAKA
79000	NUSAJAYA	JOHOR
79100	NUSAJAYA	JOHOR
79150	NUSAJAYA	JOHOR
79200	NUSAJAYA	JOHOR
79250	NUSAJAYA	JOHOR
79502	NUSAJAYA	JOHOR
79503	NUSAJAYA	JOHOR
79504	NUSAJAYA	JOHOR
79505	NUSAJAYA	JOHOR
79511	NUSAJAYA	JOHOR
79513	NUSAJAYA	JOHOR
79514	NUSAJAYA	JOHOR
79517	NUSAJAYA	JOHOR
79518	NUSAJAYA	JOHOR
79520	NUSAJAYA	JOHOR
79521	NUSAJAYA	JOHOR
79523	NUSAJAYA	JOHOR
79532	NUSAJAYA	JOHOR
79538	NUSAJAYA	JOHOR
79540	NUSAJAYA	JOHOR
79546	NUSAJAYA	JOHOR
79548	NUSAJAYA	JOHOR
79550	NUSAJAYA	JOHOR
79552	NUSAJAYA	JOHOR
79555	NUSAJAYA	JOHOR
79570	NUSAJAYA	JOHOR
79575	NUSAJAYA	JOHOR
79576	NUSAJAYA	JOHOR
79592	NUSAJAYA	JOHOR
79601	NUSAJAYA	JOHOR
79603	NUSAJAYA	JOHOR
79605	NUSAJAYA	JOHOR
79606	NUSAJAYA	JOHOR
79612	NUSAJAYA	JOHOR
79626	NUSAJAYA	JOHOR
79630	NUSAJAYA	JOHOR
79632	NUSAJAYA	JOHOR
79646	NUSAJAYA	JOHOR
79658	NUSAJAYA	JOHOR
79660	NUSAJAYA	JOHOR
79680	NUSAJAYA	JOHOR
79681	NUSAJAYA	JOHOR
79683	NUSAJAYA	JOHOR
80000	JOHOR BAHRU	JOHOR
80050	JOHOR BAHRU	JOHOR
80100	JOHOR BAHRU	JOHOR
80110	JOHOR BAHRU	JOHOR
80150	JOHOR BAHRU	JOHOR
80200	JOHOR BAHRU	JOHOR
80250	JOHOR BAHRU	JOHOR
80300	JOHOR BAHRU	JOHOR
80350	JOHOR BAHRU	JOHOR
80400	JOHOR BAHRU	JOHOR
80500	JOHOR BAHRU	JOHOR
80502	JOHOR BAHRU	JOHOR
80503	JOHOR BAHRU	JOHOR
80504	JOHOR BAHRU	JOHOR
80505	JOHOR BAHRU	JOHOR
80506	JOHOR BAHRU	JOHOR
80508	JOHOR BAHRU	JOHOR
80514	JOHOR BAHRU	JOHOR
80516	JOHOR BAHRU	JOHOR
80517	JOHOR BAHRU	JOHOR
80518	JOHOR BAHRU	JOHOR
80519	JOHOR BAHRU	JOHOR
80520	JOHOR BAHRU	JOHOR
80529	JOHOR BAHRU	JOHOR
80530	JOHOR BAHRU	JOHOR
80532	JOHOR BAHRU	JOHOR
80534	JOHOR BAHRU	JOHOR
80536	JOHOR BAHRU	JOHOR
80538	JOHOR BAHRU	JOHOR
80540	JOHOR BAHRU	JOHOR
80542	JOHOR BAHRU	JOHOR
80546	JOHOR BAHRU	JOHOR
80548	JOHOR BAHRU	JOHOR
80550	JOHOR BAHRU	JOHOR
80552	JOHOR BAHRU	JOHOR
80558	JOHOR BAHRU	JOHOR
80560	JOHOR BAHRU	JOHOR
80564	JOHOR BAHRU	JOHOR
80568	JOHOR BAHRU	JOHOR
80570	JOHOR BAHRU	JOHOR
80576	JOHOR BAHRU	JOHOR
80578	JOHOR BAHRU	JOHOR
80584	JOHOR BAHRU	JOHOR
80586	JOHOR BAHRU	JOHOR
80590	JOHOR BAHRU	JOHOR
80592	JOHOR BAHRU	JOHOR
80594	JOHOR BAHRU	JOHOR
80596	JOHOR BAHRU	JOHOR
80600	JOHOR BAHRU	JOHOR
80604	JOHOR BAHRU	JOHOR
80606	JOHOR BAHRU	JOHOR
80608	JOHOR BAHRU	JOHOR
80610	JOHOR BAHRU	JOHOR
80612	JOHOR BAHRU	JOHOR
80620	JOHOR BAHRU	JOHOR
80622	JOHOR BAHRU	JOHOR
80626	JOHOR BAHRU	JOHOR
80628	JOHOR BAHRU	JOHOR
80630	JOHOR BAHRU	JOHOR
80632	JOHOR BAHRU	JOHOR
80644	JOHOR BAHRU	JOHOR
80646	JOHOR BAHRU	JOHOR
80648	JOHOR BAHRU	JOHOR
80658	JOHOR BAHRU	JOHOR
80660	JOHOR BAHRU	JOHOR
80662	JOHOR BAHRU	JOHOR
80664	JOHOR BAHRU	JOHOR
80668	JOHOR BAHRU	JOHOR
80670	JOHOR BAHRU	JOHOR
80672	JOHOR BAHRU	JOHOR
80673	JOHOR BAHRU	JOHOR
80676	JOHOR BAHRU	JOHOR
80700	JOHOR BAHRU	JOHOR
80710	JOHOR BAHRU	JOHOR
80720	JOHOR BAHRU	JOHOR
80730	JOHOR BAHRU	JOHOR
80750	JOHOR BAHRU	JOHOR
80800	JOHOR BAHRU	JOHOR
80900	JOHOR BAHRU	JOHOR
80902	JOHOR BAHRU	JOHOR
80904	JOHOR BAHRU	JOHOR
80906	JOHOR BAHRU	JOHOR
80908	JOHOR BAHRU	JOHOR
80988	JOHOR BAHRU	JOHOR
80990	JOHOR BAHRU	JOHOR
81000	KULAI	JOHOR
81010	KULAI	JOHOR
81020	KULAI	JOHOR
81030	KULAI	JOHOR
81040	KULAI	JOHOR
81050	KULAI	JOHOR
81100	JOHOR BAHRU	JOHOR
81110	JOHOR BAHRU	JOHOR
81120	JOHOR BAHRU	JOHOR
81150	ULU CHOH	JOHOR
81200	JOHOR BAHRU	JOHOR
81250	JOHOR BAHRU	JOHOR
81300	JOHOR BAHRU	JOHOR
81310	JOHOR BAHRU	JOHOR
81400	SENAI	JOHOR
81410	SENAI	JOHOR
81440	BANDAR TENGGARA	JOHOR
81450	GUGUSAN TAIB ANDAK	JOHOR
81500	PEKAN NENAS	JOHOR
81550	GELANG PATAH	JOHOR
81560	GELANG PATAH	JOHOR
81600	PENGERANG	JOHOR
81620	PENGERANG	JOHOR
81650	PENGERANG	JOHOR
81700	PASIR GUDANG	JOHOR
81750	MASAI	JOHOR
81760	MASAI	JOHOR
81800	ULU TIRAM	JOHOR
81810	ULU TIRAM	JOHOR
81850	LAYANG-LAYANG	JOHOR
81900	KOTA TINGGI	JOHOR
81907	KOTA TINGGI	JOHOR
81910	KOTA TINGGI	JOHOR
81920	AYER TAWAR 2	JOHOR
81930	BANDAR PENAWAR	JOHOR
81960	BANDAR PENAWAR	JOHOR
82000	PONTIAN	JOHOR
82010	PONTIAN	JOHOR
82020	PONTIAN	JOHOR
82030	PONTIAN	JOHOR
82100	AYER BALOI	JOHOR
82200	BENUT	JOHOR
82300	KUKUP	JOHOR
83000	BATU PAHAT	JOHOR
83010	BATU PAHAT	JOHOR
83020	BATU PAHAT	JOHOR
83030	BATU PAHAT	JOHOR
83040	BATU PAHAT	JOHOR
83050	BATU PAHAT	JOHOR
83100	RENGIT	JOHOR
83200	SENGGARANG	JOHOR
83300	SERI GADING	JOHOR
83400	SERI MEDAN	JOHOR
83500	PARIT SULONG	JOHOR
83600	SEMERAH	JOHOR
83610	SEMERAH	JOHOR
83700	YONG PENG	JOHOR
83710	YONG PENG	JOHOR
84000	MUAR	JOHOR
84007	MUAR	JOHOR
84010	MUAR	JOHOR
84020	MUAR	JOHOR
84030	MUAR	JOHOR
84040	MUAR	JOHOR
84050	MUAR	JOHOR
84100	MUAR	JOHOR
84150	PARIT JAWA	JOHOR
84160	PARIT JAWA	JOHOR
84200	MUAR	JOHOR
84300	BUKIT PASIR	JOHOR
84300	MUAR	JOHOR
84400	SUNGAI MATI	JOHOR
84409	SUNGAI MATI	JOHOR
84410	MUAR	JOHOR
84500	PANCHOR	JOHOR
84600	PAGOH	JOHOR
84700	GERISEK	JOHOR
84710	GERISEK	JOHOR
84800	BUKIT GAMBIR	JOHOR
84900	TANGKAK	JOHOR
84990	TANGKAK	JOHOR
85000	SEGAMAT	JOHOR
85010	SEGAMAT	JOHOR
85020	SEGAMAT	JOHOR
85030	SEGAMAT	JOHOR
85060	SEGAMAT	JOHOR
85070	SEGAMAT	JOHOR
85080	SEGAMAT	JOHOR
85100	BATU ANAM	JOHOR
85200	JEMENTAH	JOHOR
85210	JEMENTAH	JOHOR
85300	LABIS	JOHOR
85400	CHAAH	JOHOR
86000	KLUANG	JOHOR
86007	KLUANG	JOHOR
86100	AYER HITAM	JOHOR
86200	SIMPANG RENGAM	JOHOR
86300	RENGAM	JOHOR
86400	BATU PAHAT	JOHOR
86400	PARIT RAJA	JOHOR
86500	BEKOK	JOHOR
86600	PALOH	JOHOR
86700	KAHANG	JOHOR
86800	MERSING	JOHOR
86800	TIOMAN	JOHOR
86810	MERSING	JOHOR
86900	ENDAU	JOHOR
86999	ENDAU	JOHOR
87000	LABUAN	WP LABUAN
87007	LABUAN	WP LABUAN
87008	LABUAN	WP LABUAN
87010	LABUAN	WP LABUAN
87011	LABUAN	WP LABUAN
87012	LABUAN	WP LABUAN
87013	LABUAN	WP LABUAN
87014	LABUAN	WP LABUAN
87015	LABUAN	WP LABUAN
87016	LABUAN	WP LABUAN
87017	LABUAN	WP LABUAN
87018	LABUAN	WP LABUAN
87019	LABUAN	WP LABUAN
87020	LABUAN	WP LABUAN
87021	LABUAN	WP LABUAN
87022	LABUAN	WP LABUAN
87023	LABUAN	WP LABUAN
87024	LABUAN	WP LABUAN
87025	LABUAN	WP LABUAN
87026	LABUAN	WP LABUAN
87027	LABUAN	WP LABUAN
87028	LABUAN	WP LABUAN
87029	LABUAN	WP LABUAN
87030	LABUAN	WP LABUAN
87031	LABUAN	WP LABUAN
87032	LABUAN	WP LABUAN
87033	LABUAN	WP LABUAN
88000	KOTA KINABALU	SABAH
88100	KOTA KINABALU	SABAH
88110	KOTA KINABALU	SABAH
88150	KOTA KINABALU	SABAH
88200	KOTA KINABALU	SABAH
88220	KOTA KINABALU	SABAH
88300	KOTA KINABALU	SABAH
88400	KOTA KINABALU	SABAH
88450	KOTA KINABALU	SABAH
88458	KOTA KINABALU	SABAH
88460	KOTA KINABALU	SABAH
88500	KOTA KINABALU	SABAH
88502	KOTA KINABALU	SABAH
88504	KOTA KINABALU	SABAH
88505	KOTA KINABALU	SABAH
88506	KOTA KINABALU	SABAH
88508	KOTA KINABALU	SABAH
88510	KOTA KINABALU	SABAH
88512	KOTA KINABALU	SABAH
88514	KOTA KINABALU	SABAH
88516	KOTA KINABALU	SABAH
88518	KOTA KINABALU	SABAH
88520	KOTA KINABALU	SABAH
88526	KOTA KINABALU	SABAH
88527	KOTA KINABALU	SABAH
88532	KOTA KINABALU	SABAH
88534	KOTA KINABALU	SABAH
88538	KOTA KINABALU	SABAH
88540	KOTA KINABALU	SABAH
88546	KOTA KINABALU	SABAH
88550	KOTA KINABALU	SABAH
88551	KOTA KINABALU	SABAH
88552	KOTA KINABALU	SABAH
88554	KOTA KINABALU	SABAH
88556	KOTA KINABALU	SABAH
88558	KOTA KINABALU	SABAH
88560	KOTA KINABALU	SABAH
88562	KOTA KINABALU	SABAH
88564	KOTA KINABALU	SABAH
88566	KOTA KINABALU	SABAH
88568	KOTA KINABALU	SABAH
88570	KOTA KINABALU	SABAH
88572	KOTA KINABALU	SABAH
88576	KOTA KINABALU	SABAH
88580	KOTA KINABALU	SABAH
88582	KOTA KINABALU	SABAH
88586	KOTA KINABALU	SABAH
88590	KOTA KINABALU	SABAH
88592	KOTA KINABALU	SABAH
88594	KOTA KINABALU	SABAH
88596	KOTA KINABALU	SABAH
88598	KOTA KINABALU	SABAH
88600	KOTA KINABALU	SABAH
88602	KOTA KINABALU	SABAH
88604	KOTA KINABALU	SABAH
88606	KOTA KINABALU	SABAH
88608	KOTA KINABALU	SABAH
88609	KOTA KINABALU	SABAH
88610	KOTA KINABALU	SABAH
88612	KOTA KINABALU	SABAH
88614	KOTA KINABALU	SABAH
88617	KOTA KINABALU	SABAH
88618	KOTA KINABALU	SABAH
88620	KOTA KINABALU	SABAH
88621	KOTA KINABALU	SABAH
88622	KOTA KINABALU	SABAH
88624	KOTA KINABALU	SABAH
88626	KOTA KINABALU	SABAH
88628	KOTA KINABALU	SABAH
88630	KOTA KINABALU	SABAH
88632	KOTA KINABALU	SABAH
88634	KOTA KINABALU	SABAH
88644	KOTA KINABALU	SABAH
88646	KOTA KINABALU	SABAH
88648	KOTA KINABALU	SABAH
88656	KOTA KINABALU	SABAH
88658	KOTA KINABALU	SABAH
88660	KOTA KINABALU	SABAH
88661	KOTA KINABALU	SABAH
88662	KOTA KINABALU	SABAH
88670	KOTA KINABALU	SABAH
88672	KOTA KINABALU	SABAH
88673	KOTA KINABALU	SABAH
88675	KOTA KINABALU	SABAH
88676	KOTA KINABALU	SABAH
88680	KOTA KINABALU	SABAH
88690	KOTA KINABALU	SABAH
88700	BEVERLY	SABAH
88721	PUTATAN	SABAH
88722	PUTATAN	SABAH
88723	PUTATAN	SABAH
88724	PUTATAN	SABAH
88725	PUTATAN	SABAH
88740	KOTA KINABALU	SABAH
88757	KOTA KINABALU	SABAH
88758	KOTA KINABALU	SABAH
88759	KOTA KINABALU	SABAH
88760	KOTA KINABALU	SABAH
88761	KOTA KINABALU	SABAH
88762	KOTA KINABALU	SABAH
88763	KOTA KINABALU	SABAH
88764	KOTA KINABALU	SABAH
88765	KOTA KINABALU	SABAH
88766	KOTA KINABALU	SABAH
88767	KOTA KINABALU	SABAH
88768	KOTA KINABALU	SABAH
88769	KOTA KINABALU	SABAH
88770	KOTA KINABALU	SABAH
88771	KOTA KINABALU	SABAH
88772	KOTA KINABALU	SABAH
88773	KOTA KINABALU	SABAH
88774	KOTA KINABALU	SABAH
88775	KOTA KINABALU	SABAH
88776	KOTA KINABALU	SABAH
88777	KOTA KINABALU	SABAH
88778	KOTA KINABALU	SABAH
88779	KOTA KINABALU	SABAH
88780	KOTA KINABALU	SABAH
88781	KOTA KINABALU	SABAH
88782	KOTA KINABALU	SABAH
88783	KOTA KINABALU	SABAH
88784	KOTA KINABALU	SABAH
88785	KOTA KINABALU	SABAH
88786	KOTA KINABALU	SABAH
88787	KOTA KINABALU	SABAH
88788	KOTA KINABALU	SABAH
88789	KOTA KINABALU	SABAH
88790	KOTA KINABALU	SABAH
88800	KOTA KINABALU	SABAH
88801	KOTA KINABALU	SABAH
88802	KOTA KINABALU	SABAH
88803	KOTA KINABALU	SABAH
88804	KOTA KINABALU	SABAH
88805	KOTA KINABALU	SABAH
88806	KOTA KINABALU	SABAH
88807	KOTA KINABALU	SABAH
88808	KOTA KINABALU	SABAH
88809	KOTA KINABALU	SABAH
88810	KOTA KINABALU	SABAH
88811	KOTA KINABALU	SABAH
88812	KOTA KINABALU	SABAH
88813	KOTA KINABALU	SABAH
88814	KOTA KINABALU	SABAH
88815	KOTA KINABALU	SABAH
88816	KOTA KINABALU	SABAH
88817	KOTA KINABALU	SABAH
88818	KOTA KINABALU	SABAH
88819	KOTA KINABALU	SABAH
88820	KOTA KINABALU	SABAH
88821	KOTA KINABALU	SABAH
88822	KOTA KINABALU	SABAH
88823	KOTA KINABALU	SABAH
88824	KOTA KINABALU	SABAH
88825	KOTA KINABALU	SABAH
88826	KOTA KINABALU	SABAH
88827	KOTA KINABALU	SABAH
88828	KOTA KINABALU	SABAH
88829	KOTA KINABALU	SABAH
88830	KOTA KINABALU	SABAH
88831	KOTA KINABALU	SABAH
88832	KOTA KINABALU	SABAH
88833	KOTA KINABALU	SABAH
88834	KOTA KINABALU	SABAH
88835	KOTA KINABALU	SABAH
88836	KOTA KINABALU	SABAH
88837	KOTA KINABALU	SABAH
88838	KOTA KINABALU	SABAH
88839	KOTA KINABALU	SABAH
88840	KOTA KINABALU	SABAH
88841	KOTA KINABALU	SABAH
88842	KOTA KINABALU	SABAH
88843	KOTA KINABALU	SABAH
88844	KOTA KINABALU	SABAH
88845	KOTA KINABALU	SABAH
88846	KOTA KINABALU	SABAH
88847	KOTA KINABALU	SABAH
88848	KOTA KINABALU	SABAH
88849	KOTA KINABALU	SABAH
88850	KOTA KINABALU	SABAH
88851	KOTA KINABALU	SABAH
88852	KOTA KINABALU	SABAH
88853	KOTA KINABALU	SABAH
88854	KOTA KINABALU	SABAH
88855	KOTA KINABALU	SABAH
88856	LIKAS	SABAH
88857	INANAM	SABAH
88858	TANJUNG ARU	SABAH
88860	KOTA KINABALU	SABAH
88861	KOTA KINABALU	SABAH
88862	KOTA KINABALU	SABAH
88863	KOTA KINABALU	SABAH
88865	KOTA KINABALU	SABAH
88866	KOTA KINABALU	SABAH
88867	KOTA KINABALU	SABAH
88868	KOTA KINABALU	SABAH
88869	KOTA KINABALU	SABAH
88870	KOTA KINABALU	SABAH
88871	KOTA KINABALU	SABAH
88872	KOTA KINABALU	SABAH
88873	KOTA KINABALU	SABAH
88874	KOTA KINABALU	SABAH
88875	KOTA KINABALU	SABAH
88900	KOTA KINABALU	SABAH
88901	KOTA KINABALU	SABAH
88902	KOTA KINABALU	SABAH
88903	KOTA KINABALU	SABAH
88904	KOTA KINABALU	SABAH
88905	KOTA KINABALU	SABAH
88906	KOTA KINABALU	SABAH
88988	KOTA KINABALU	SABAH
88990	KOTA KINABALU	SABAH
88991	KOTA KINABALU	SABAH
88992	KOTA KINABALU	SABAH
88993	KOTA KINABALU	SABAH
88994	KOTA KINABALU	SABAH
88995	KOTA KINABALU	SABAH
88996	KOTA KINABALU	SABAH
88997	KOTA KINABALU	SABAH
88998	KOTA KINABALU	SABAH
88999	KOTA KINABALU	SABAH
89000	KENINGAU	SABAH
89007	KENINGAU	SABAH
89008	KENINGAU	SABAH
89009	KENINGAU	SABAH
89050	KUDAT	SABAH
89057	KUDAT	SABAH
89058	KUDAT	SABAH
89059	KUDAT	SABAH
89100	KOTA MARUDU	SABAH
89107	KOTA MARUDU	SABAH
89108	KOTA MARUDU	SABAH
89109	KOTA MARUDU	SABAH
89150	KOTA BELUD	SABAH
89157	KOTA BELUD	SABAH
89158	KOTA BELUD	SABAH
89159	KOTA BELUD	SABAH
89200	TUARAN	SABAH
89207	TUARAN	SABAH
89208	TUARAN	SABAH
89209	TUARAN	SABAH
89250	TAMPARULI	SABAH
89257	TAMPARULI	SABAH
89258	TAMPARULI	SABAH
89259	TAMPARULI	SABAH
89260	BEVERLY	SABAH
89300	RANAU	SABAH
89307	RANAU	SABAH
89308	RANAU	SABAH
89309	RANAU	SABAH
89320	RANAU	SABAH
89350	RANAU	SABAH
89357	RANAU	SABAH
89500	PENAMPANG	SABAH
89507	PENAMPANG	SABAH
89508	PENAMPANG	SABAH
89509	PENAMPANG	SABAH
89600	PAPAR	SABAH
89607	PAPAR	SABAH
89608	PAPAR	SABAH
89609	PAPAR	SABAH
89650	TAMBUNAN	SABAH
89657	TAMBUNAN	SABAH
89658	TAMBUNAN	SABAH
89659	TAMBUNAN	SABAH
89700	BONGAWAN	SABAH
89707	BONGAWAN	SABAH
89708	BONGAWAN	SABAH
89709	BONGAWAN	SABAH
89720	MEMBAKUT	SABAH
89727	MEMBAKUT	SABAH
89728	MEMBAKUT	SABAH
89729	MEMBAKUT	SABAH
89740	KUALA PENYU	SABAH
89747	KUALA PENYU	SABAH
89748	KUALA PENYU	SABAH
89749	KUALA PENYU	SABAH
89760	MENUMBOK	SABAH
89767	MENUMBOK	SABAH
89768	MENUMBOK	SABAH
89769	MENUMBOK	SABAH
89800	BEAUFORT	SABAH
89807	BEAUFORT	SABAH
89808	BEAUFORT	SABAH
89809	BEAUFORT	SABAH
89850	SIPITANG	SABAH
89857	SIPITANG	SABAH
89858	SIPITANG	SABAH
89859	SIPITANG	SABAH
89900	TENOM	SABAH
89907	TENOM	SABAH
89908	TENOM	SABAH
89909	TENOM	SABAH
89950	NABAWAN	SABAH
89957	NABAWAN	SABAH
89958	NABAWAN	SABAH
89959	NABAWAN	SABAH
90000	SANDAKAN	SABAH
90008	SANDAKAN	SABAH
90009	SANDAKAN	SABAH
90100	BELURAN	SABAH
90107	BELURAN	SABAH
90109	BELURAN	SABAH
90200	KOTA KINABATANGAN	SABAH
90300	SANDAKAN	SABAH
90307	SANDAKAN	SABAH
90400	PAMOL	SABAH
90700	SANDAKAN	SABAH
90701	SANDAKAN	SABAH
90702	SANDAKAN	SABAH
90703	SANDAKAN	SABAH
90704	SANDAKAN	SABAH
90705	SANDAKAN	SABAH
90706	SANDAKAN	SABAH
90707	SANDAKAN	SABAH
90708	SANDAKAN	SABAH
90709	SANDAKAN	SABAH
90711	SANDAKAN	SABAH
90712	SANDAKAN	SABAH
90713	SANDAKAN	SABAH
90714	SANDAKAN	SABAH
90715	SANDAKAN	SABAH
90716	SANDAKAN	SABAH
90717	SANDAKAN	SABAH
90718	SANDAKAN	SABAH
90719	SANDAKAN	SABAH
90720	SANDAKAN	SABAH
90721	SANDAKAN	SABAH
90722	SANDAKAN	SABAH
90723	SANDAKAN	SABAH
90724	SANDAKAN	SABAH
90725	SANDAKAN	SABAH
90726	SANDAKAN	SABAH
90727	SANDAKAN	SABAH
90728	SANDAKAN	SABAH
90729	SANDAKAN	SABAH
90730	SANDAKAN	SABAH
90731	SANDAKAN	SABAH
90732	SANDAKAN	SABAH
90733	SANDAKAN	SABAH
90734	SANDAKAN	SABAH
90735	SANDAKAN	SABAH
90736	SANDAKAN	SABAH
90737	SANDAKAN	SABAH
90738	SANDAKAN	SABAH
90739	SANDAKAN	SABAH
90740	SANDAKAN	SABAH
90741	SANDAKAN	SABAH
91000	TAWAU	SABAH
91007	TAWAU	SABAH
91008	TAWAU	SABAH
91009	TAWAU	SABAH
91010	TAWAU	SABAH
91011	TAWAU	SABAH
91012	TAWAU	SABAH
91013	TAWAU	SABAH
91014	TAWAU	SABAH
91015	TAWAU	SABAH
91016	TAWAU	SABAH
91017	TAWAU	SABAH
91018	TAWAU	SABAH
91019	TAWAU	SABAH
91020	TAWAU	SABAH
91021	TAWAU	SABAH
91022	TAWAU	SABAH
91023	TAWAU	SABAH
91024	TAWAU	SABAH
91025	TAWAU	SABAH
91026	TAWAU	SABAH
91027	TAWAU	SABAH
91028	TAWAU	SABAH
91029	TAWAU	SABAH
91030	TAWAU	SABAH
91031	TAWAU	SABAH
91032	TAWAU	SABAH
91033	TAWAU	SABAH
91034	TAWAU	SABAH
91035	TAWAU	SABAH
91045	TAWAU	SABAH
91056	TAWAU	SABAH
91100	LAHAD DATU	SABAH
91108	LAHAD DATU	SABAH
91109	LAHAD DATU	SABAH
91110	LAHAD DATU	SABAH
91111	LAHAD DATU	SABAH
91112	LAHAD DATU	SABAH
91113	LAHAD DATU	SABAH
91114	LAHAD DATU	SABAH
91115	LAHAD DATU	SABAH
91116	LAHAD DATU	SABAH
91117	LAHAD DATU	SABAH
91118	LAHAD DATU	SABAH
91119	LAHAD DATU	SABAH
91120	LAHAD DATU	SABAH
91121	LAHAD DATU	SABAH
91122	LAHAD DATU	SABAH
91123	LAHAD DATU	SABAH
91124	LAHAD DATU	SABAH
91125	LAHAD DATU	SABAH
91126	LAHAD DATU	SABAH
91127	LAHAD DATU	SABAH
91128	LAHAD DATU	SABAH
91150	LAHAD DATU	SABAH
91200	KUNAK	SABAH
91207	KUNAK	SABAH
91209	KUNAK	SABAH
91300	SEMPORNA	SABAH
91307	SEMPORNA	SABAH
91308	SEMPORNA	SABAH
91309	SEMPORNA	SABAH
93000	KUCHING	SARAWAK
93010	KUCHING	SARAWAK
93030	KUCHING	SARAWAK
93050	KUCHING	SARAWAK
93100	KUCHING	SARAWAK
93150	KUCHING	SARAWAK
93200	KUCHING	SARAWAK
93250	KUCHING	SARAWAK
93300	KUCHING	SARAWAK
93350	KUCHING	SARAWAK
93400	KUCHING	SARAWAK
93450	KUCHING	SARAWAK
93500	KUCHING	SARAWAK
93502	KUCHING	SARAWAK
93503	KUCHING	SARAWAK
93504	KUCHING	SARAWAK
93505	KUCHING	SARAWAK
93506	KUCHING	SARAWAK
93507	KUCHING	SARAWAK
93508	KUCHING	SARAWAK
93514	KUCHING	SARAWAK
93516	KUCHING	SARAWAK
93517	KUCHING	SARAWAK
93518	KUCHING	SARAWAK
93519	KUCHING	SARAWAK
93520	KUCHING	SARAWAK
93527	KUCHING	SARAWAK
93529	KUCHING	SARAWAK
93532	KUCHING	SARAWAK
93540	KUCHING	SARAWAK
93550	KUCHING	SARAWAK
93551	KUCHING	SARAWAK
93552	KUCHING	SARAWAK
93554	KUCHING	SARAWAK
93556	KUCHING	SARAWAK
93558	KUCHING	SARAWAK
93560	KUCHING	SARAWAK
93564	KUCHING	SARAWAK
93566	KUCHING	SARAWAK
93570	KUCHING	SARAWAK
93572	KUCHING	SARAWAK
93576	KUCHING	SARAWAK
93578	KUCHING	SARAWAK
93582	KUCHING	SARAWAK
93586	KUCHING	SARAWAK
93590	KUCHING	SARAWAK
93592	KUCHING	SARAWAK
93594	KUCHING	SARAWAK
93596	KUCHING	SARAWAK
93600	KUCHING	SARAWAK
93604	KUCHING	SARAWAK
93606	KUCHING	SARAWAK
93608	KUCHING	SARAWAK
93609	KUCHING	SARAWAK
93610	KUCHING	SARAWAK
93612	KUCHING	SARAWAK
93614	KUCHING	SARAWAK
93618	KUCHING	SARAWAK
93619	KUCHING	SARAWAK
93620	KUCHING	SARAWAK
93626	KUCHING	SARAWAK
93628	KUCHING	SARAWAK
93632	KUCHING	SARAWAK
93634	KUCHING	SARAWAK
93648	KUCHING	SARAWAK
93658	KUCHING	SARAWAK
93660	KUCHING	SARAWAK
93661	KUCHING	SARAWAK
93662	KUCHING	SARAWAK
93668	KUCHING	SARAWAK
93670	KUCHING	SARAWAK
93672	KUCHING	SARAWAK
93677	KUCHING	SARAWAK
93690	KUCHING	SARAWAK
93694	KUCHING	SARAWAK
93700	KUCHING	SARAWAK
93702	KUCHING	SARAWAK
93704	KUCHING	SARAWAK
93706	KUCHING	SARAWAK
93708	KUCHING	SARAWAK
93710	KUCHING	SARAWAK
93712	KUCHING	SARAWAK
93714	KUCHING	SARAWAK
93716	KUCHING	SARAWAK
93718	KUCHING	SARAWAK
93720	KUCHING	SARAWAK
93722	KUCHING	SARAWAK
93724	KUCHING	SARAWAK
93726	KUCHING	SARAWAK
93728	KUCHING	SARAWAK
93730	KUCHING	SARAWAK
93732	KUCHING	SARAWAK
93734	KUCHING	SARAWAK
93736	KUCHING	SARAWAK
93738	KUCHING	SARAWAK
93740	KUCHING	SARAWAK
93742	KUCHING	SARAWAK
93744	KUCHING	SARAWAK
93746	KUCHING	SARAWAK
93748	KUCHING	SARAWAK
93750	KUCHING	SARAWAK
93752	KUCHING	SARAWAK
93754	KUCHING	SARAWAK
93756	KUCHING	SARAWAK
93758	KUCHING	SARAWAK
93760	KUCHING	SARAWAK
93762	KUCHING	SARAWAK
93764	KUCHING	SARAWAK
93900	KUCHING	SARAWAK
93902	KUCHING	SARAWAK
93904	KUCHING	SARAWAK
93906	KUCHING	SARAWAK
93908	KUCHING	SARAWAK
93910	KUCHING	SARAWAK
93912	KUCHING	SARAWAK
93914	KUCHING	SARAWAK
93916	KUCHING	SARAWAK
93990	KUCHING	SARAWAK
94000	BAU	SARAWAK
94007	BAU	SARAWAK
94009	BAU	SARAWAK
94200	SIBURAN	SARAWAK
94300	KOTA SAMARAHAN	SARAWAK
94500	LUNDU	SARAWAK
94507	LUNDU	SARAWAK
94509	LUNDU	SARAWAK
94600	ASAJAYA	SARAWAK
94650	KABONG	SARAWAK
94700	SERIAN	SARAWAK
94707	SERIAN	SARAWAK
94709	SERIAN	SARAWAK
94750	SERIAN	SARAWAK
94760	SERIAN	SARAWAK
94800	SIMUNJAN	SARAWAK
94807	SIMUNJAN	SARAWAK
94809	SIMUNJAN	SARAWAK
94850	SEBUYAU	SARAWAK
94900	LINGGA	SARAWAK
94950	PUSA	SARAWAK
95000	SRI AMAN	SARAWAK
95007	SRI AMAN	SARAWAK
95008	SRI AMAN	SARAWAK
95009	SRI AMAN	SARAWAK
95300	ROBAN	SARAWAK
95400	SARATOK	SARAWAK
95407	SARATOK	SARAWAK
95409	SARATOK	SARAWAK
95500	DEBAK	SARAWAK
95600	SPAOH	SARAWAK
95700	BETONG	SARAWAK
95707	BETONG	SARAWAK
95709	BETONG	SARAWAK
95800	ENGKILILI	SARAWAK
95900	LUBOK ANTU	SARAWAK
96000	SIBU	SARAWAK
96007	SIBU	SARAWAK
96008	SIBU	SARAWAK
96009	SIBU	SARAWAK
96100	SARIKEI	SARAWAK
96107	SARIKEI	SARAWAK
96108	SARIKEI	SARAWAK
96109	SARIKEI	SARAWAK
96150	BELAWAI	SARAWAK
96200	DARO	SARAWAK
96250	MATU	SARAWAK
96300	DALAT	SARAWAK
96307	DALAT	SARAWAK
96309	DALAT	SARAWAK
96350	BALINGIAN	SARAWAK
96400	MUKAH	SARAWAK
96410	MUKAH	SARAWAK
96500	BINTANGOR	SARAWAK
96507	BINTANGOR	SARAWAK
96508	BINTANGOR	SARAWAK
96509	BINTANGOR	SARAWAK
96510	BINTANGOR	SARAWAK
96600	JULAU	SARAWAK
96700	KANOWIT	SARAWAK
96707	KANOWIT	SARAWAK
96709	KANOWIT	SARAWAK
96800	KAPIT	SARAWAK
96807	KAPIT	SARAWAK
96809	KAPIT	SARAWAK
96850	SONG	SARAWAK
96900	BELAGA	SARAWAK
96950	BELAGA	SARAWAK
96999	BELAGA	SARAWAK
97000	BINTULU	SARAWAK
97004	BINTULU	SARAWAK
97007	BINTULU	SARAWAK
97008	BINTULU	SARAWAK
97009	BINTULU	SARAWAK
97010	BINTULU	SARAWAK
97011	BINTULU	SARAWAK
97012	BINTULU	SARAWAK
97013	BINTULU	SARAWAK
97014	BINTULU	SARAWAK
97015	BINTULU	SARAWAK
97100	SEBAUH	SARAWAK
97200	TATAU	SARAWAK
97300	BINTULU	SARAWAK
98000	MIRI	SARAWAK
98007	MIRI	SARAWAK
98008	MIRI	SARAWAK
98009	MIRI	SARAWAK
98050	BARAM	SARAWAK
98057	BARAM	SARAWAK
98058	BARAM	SARAWAK
98059	BARAM	SARAWAK
98100	LUTONG	SARAWAK
98107	LUTONG	SARAWAK
98109	LUTONG	SARAWAK
98150	BEKENU	SARAWAK
98157	BEKENU	SARAWAK
98159	BEKENU	SARAWAK
98200	NIAH	SARAWAK
98300	LONG LAMA	SARAWAK
98700	LIMBANG	SARAWAK
98707	LIMBANG	SARAWAK
98708	LIMBANG	SARAWAK
98709	LIMBANG	SARAWAK
98750	NANGA MEDAMIT	SARAWAK
98800	SUNDAR	SARAWAK
98850	LAWAS	SARAWAK
98857	LAWAS	SARAWAK
98859	LAWAS	SARAWAK